"0","#BGBM"
"0",""
"0","ggplot(BGBM_Aggregated, aes(x=`ShapeRatio`, y=`Biomass/core_g/m2`, color=Site)) + "
"0","    geom_point() +"
"0","  geom_smooth()+"
"0","  facet_grid(SampleType ~ Patch, scales = ""free"")+"
"0","    theme_classic()"
"1","[38;5;255m`geom_smooth()` using method = 'loess' and formula = 'y ~ x'[39m
"
"2","Warning in simpleLoess(y, x, w, span, degree = degree, parametric = parametric,  :"
"2","
 "
"2"," pseudoinverse used at 3.3536
"
"2","Warning in simpleLoess(y, x, w, span, degree = degree, parametric = parametric,  :"
"2","
 "
"2"," neighborhood radius 0.50582
"
"2","Warning in simpleLoess(y, x, w, span, degree = degree, parametric = parametric,  :"
"2","
 "
"2"," reciprocal condition number  0
"
"2","Warning in simpleLoess(y, x, w, span, degree = degree, parametric = parametric,  :"
"2","
 "
"2"," There are other near singularities as well. 13.012
"
"2","Warning in predLoess(object$y, object$x, newx = if (is.null(newdata)) object$x else if (is.data.frame(newdata)) as.matrix(model.frame(delete.response(terms(object)),  :"
"2","
 "
"2"," pseudoinverse used at 3.3536
"
"2","Warning in predLoess(object$y, object$x, newx = if (is.null(newdata)) object$x else if (is.data.frame(newdata)) as.matrix(model.frame(delete.response(terms(object)),  :"
"2","
 "
"2"," neighborhood radius 0.50582
"
"2","Warning in predLoess(object$y, object$x, newx = if (is.null(newdata)) object$x else if (is.data.frame(newdata)) as.matrix(model.frame(delete.response(terms(object)),  :"
"2","
 "
"2"," reciprocal condition number  0
"
"2","Warning in predLoess(object$y, object$x, newx = if (is.null(newdata)) object$x else if (is.data.frame(newdata)) as.matrix(model.frame(delete.response(terms(object)),  :"
"2","
 "
"2"," There are other near singularities as well. 13.012
"
"2","Warning in simpleLoess(y, x, w, span, degree = degree, parametric = parametric,  :"
"2","
 "
"2"," pseudoinverse used at 4.2539
"
"2","Warning in simpleLoess(y, x, w, span, degree = degree, parametric = parametric,  :"
"2","
 "
"2"," neighborhood radius 2.4544
"
"2","Warning in simpleLoess(y, x, w, span, degree = degree, parametric = parametric,  :"
"2","
 "
"2"," reciprocal condition number  0
"
"2","Warning in simpleLoess(y, x, w, span, degree = degree, parametric = parametric,  :"
"2","
 "
"2"," There are other near singularities as well. 177.02
"
"2","Warning in predLoess(object$y, object$x, newx = if (is.null(newdata)) object$x else if (is.data.frame(newdata)) as.matrix(model.frame(delete.response(terms(object)),  :"
"2","
 "
"2"," pseudoinverse used at 4.2539
"
"2","Warning in predLoess(object$y, object$x, newx = if (is.null(newdata)) object$x else if (is.data.frame(newdata)) as.matrix(model.frame(delete.response(terms(object)),  :"
"2","
 "
"2"," neighborhood radius 2.4544
"
"2","Warning in predLoess(object$y, object$x, newx = if (is.null(newdata)) object$x else if (is.data.frame(newdata)) as.matrix(model.frame(delete.response(terms(object)),  :"
"2","
 "
"2"," reciprocal condition number  0
"
"2","Warning in predLoess(object$y, object$x, newx = if (is.null(newdata)) object$x else if (is.data.frame(newdata)) as.matrix(model.frame(delete.response(terms(object)),  :"
"2","
 "
"2"," There are other near singularities as well. 177.02
"
"2","Warning in simpleLoess(y, x, w, span, degree = degree, parametric = parametric,  :"
"2","
 "
"2"," pseudoinverse used at 3.4022
"
"2","Warning in simpleLoess(y, x, w, span, degree = degree, parametric = parametric,  :"
"2","
 "
"2"," neighborhood radius 4.0842
"
"2","Warning in simpleLoess(y, x, w, span, degree = degree, parametric = parametric,  :"
"2","
 "
"2"," reciprocal condition number  0
"
"2","Warning in simpleLoess(y, x, w, span, degree = degree, parametric = parametric,  :"
"2","
 "
"2"," There are other near singularities as well. 34.944
"
"2","Warning in predLoess(object$y, object$x, newx = if (is.null(newdata)) object$x else if (is.data.frame(newdata)) as.matrix(model.frame(delete.response(terms(object)),  :"
"2","
 "
"2"," pseudoinverse used at 3.4022
"
"2","Warning in predLoess(object$y, object$x, newx = if (is.null(newdata)) object$x else if (is.data.frame(newdata)) as.matrix(model.frame(delete.response(terms(object)),  :"
"2","
 "
"2"," neighborhood radius 4.0842
"
"2","Warning in predLoess(object$y, object$x, newx = if (is.null(newdata)) object$x else if (is.data.frame(newdata)) as.matrix(model.frame(delete.response(terms(object)),  :"
"2","
 "
"2"," reciprocal condition number  0
"
"2","Warning in predLoess(object$y, object$x, newx = if (is.null(newdata)) object$x else if (is.data.frame(newdata)) as.matrix(model.frame(delete.response(terms(object)),  :"
"2","
 "
"2"," There are other near singularities as well. 34.944
"
"2","Warning in simpleLoess(y, x, w, span, degree = degree, parametric = parametric,  :"
"2","
 "
"2"," pseudoinverse used at 5.3657
"
"2","Warning in simpleLoess(y, x, w, span, degree = degree, parametric = parametric,  :"
"2","
 "
"2"," neighborhood radius 6.8685
"
"2","Warning in simpleLoess(y, x, w, span, degree = degree, parametric = parametric,  :"
"2","
 "
"2"," reciprocal condition number  0
"
"2","Warning in simpleLoess(y, x, w, span, degree = degree, parametric = parametric,  :"
"2","
 "
"2"," There are other near singularities as well. 1.2464
"
"2","Warning in predLoess(object$y, object$x, newx = if (is.null(newdata)) object$x else if (is.data.frame(newdata)) as.matrix(model.frame(delete.response(terms(object)),  :"
"2","
 "
"2"," pseudoinverse used at 5.3657
"
"2","Warning in predLoess(object$y, object$x, newx = if (is.null(newdata)) object$x else if (is.data.frame(newdata)) as.matrix(model.frame(delete.response(terms(object)),  :"
"2","
 "
"2"," neighborhood radius 6.8685
"
"2","Warning in predLoess(object$y, object$x, newx = if (is.null(newdata)) object$x else if (is.data.frame(newdata)) as.matrix(model.frame(delete.response(terms(object)),  :"
"2","
 "
"2"," reciprocal condition number  0
"
"2","Warning in predLoess(object$y, object$x, newx = if (is.null(newdata)) object$x else if (is.data.frame(newdata)) as.matrix(model.frame(delete.response(terms(object)),  :"
"2","
 "
"2"," There are other near singularities as well. 1.2464
"
"2","Warning in simpleLoess(y, x, w, span, degree = degree, parametric = parametric,  :"
"2","
 "
"2"," pseudoinverse used at 3.3536
"
"2","Warning in simpleLoess(y, x, w, span, degree = degree, parametric = parametric,  :"
"2","
 "
"2"," neighborhood radius 0.50582
"
"2","Warning in simpleLoess(y, x, w, span, degree = degree, parametric = parametric,  :"
"2","
 "
"2"," reciprocal condition number  0
"
"2","Warning in simpleLoess(y, x, w, span, degree = degree, parametric = parametric,  :"
"2","
 "
"2"," There are other near singularities as well. 13.012
"
"2","Warning in predLoess(object$y, object$x, newx = if (is.null(newdata)) object$x else if (is.data.frame(newdata)) as.matrix(model.frame(delete.response(terms(object)),  :"
"2","
 "
"2"," pseudoinverse used at 3.3536
"
"2","Warning in predLoess(object$y, object$x, newx = if (is.null(newdata)) object$x else if (is.data.frame(newdata)) as.matrix(model.frame(delete.response(terms(object)),  :"
"2","
 "
"2"," neighborhood radius 0.50582
"
"2","Warning in predLoess(object$y, object$x, newx = if (is.null(newdata)) object$x else if (is.data.frame(newdata)) as.matrix(model.frame(delete.response(terms(object)),  :"
"2","
 "
"2"," reciprocal condition number  0
"
"2","Warning in predLoess(object$y, object$x, newx = if (is.null(newdata)) object$x else if (is.data.frame(newdata)) as.matrix(model.frame(delete.response(terms(object)),  :"
"2","
 "
"2"," There are other near singularities as well. 13.012
"
"2","Warning in simpleLoess(y, x, w, span, degree = degree, parametric = parametric,  :"
"2","
 "
"2"," pseudoinverse used at 4.2539
"
"2","Warning in simpleLoess(y, x, w, span, degree = degree, parametric = parametric,  :"
"2","
 "
"2"," neighborhood radius 2.4544
"
"2","Warning in simpleLoess(y, x, w, span, degree = degree, parametric = parametric,  :"
"2","
 "
"2"," reciprocal condition number  0
"
"2","Warning in simpleLoess(y, x, w, span, degree = degree, parametric = parametric,  :"
"2","
 "
"2"," There are other near singularities as well. 177.02
"
"2","Warning in predLoess(object$y, object$x, newx = if (is.null(newdata)) object$x else if (is.data.frame(newdata)) as.matrix(model.frame(delete.response(terms(object)),  :"
"2","
 "
"2"," pseudoinverse used at 4.2539
"
"2","Warning in predLoess(object$y, object$x, newx = if (is.null(newdata)) object$x else if (is.data.frame(newdata)) as.matrix(model.frame(delete.response(terms(object)),  :"
"2","
 "
"2"," neighborhood radius 2.4544
"
"2","Warning in predLoess(object$y, object$x, newx = if (is.null(newdata)) object$x else if (is.data.frame(newdata)) as.matrix(model.frame(delete.response(terms(object)),  :"
"2","
 "
"2"," reciprocal condition number  0
"
"2","Warning in predLoess(object$y, object$x, newx = if (is.null(newdata)) object$x else if (is.data.frame(newdata)) as.matrix(model.frame(delete.response(terms(object)),  :"
"2","
 "
"2"," There are other near singularities as well. 177.02
"
"2","Warning in simpleLoess(y, x, w, span, degree = degree, parametric = parametric,  :"
"2","
 "
"2"," pseudoinverse used at 3.4022
"
"2","Warning in simpleLoess(y, x, w, span, degree = degree, parametric = parametric,  :"
"2","
 "
"2"," neighborhood radius 4.0842
"
"2","Warning in simpleLoess(y, x, w, span, degree = degree, parametric = parametric,  :"
"2","
 "
"2"," reciprocal condition number  0
"
"2","Warning in simpleLoess(y, x, w, span, degree = degree, parametric = parametric,  :"
"2","
 "
"2"," There are other near singularities as well. 34.944
"
"2","Warning in predLoess(object$y, object$x, newx = if (is.null(newdata)) object$x else if (is.data.frame(newdata)) as.matrix(model.frame(delete.response(terms(object)),  :"
"2","
 "
"2"," pseudoinverse used at 3.4022
"
"2","Warning in predLoess(object$y, object$x, newx = if (is.null(newdata)) object$x else if (is.data.frame(newdata)) as.matrix(model.frame(delete.response(terms(object)),  :"
"2","
 "
"2"," neighborhood radius 4.0842
"
"2","Warning in predLoess(object$y, object$x, newx = if (is.null(newdata)) object$x else if (is.data.frame(newdata)) as.matrix(model.frame(delete.response(terms(object)),  :"
"2","
 "
"2"," reciprocal condition number  0
"
"2","Warning in predLoess(object$y, object$x, newx = if (is.null(newdata)) object$x else if (is.data.frame(newdata)) as.matrix(model.frame(delete.response(terms(object)),  :"
"2","
 "
"2"," There are other near singularities as well. 34.944
"
"2","Warning in simpleLoess(y, x, w, span, degree = degree, parametric = parametric,  :"
"2","
 "
"2"," pseudoinverse used at 5.3657
"
"2","Warning in simpleLoess(y, x, w, span, degree = degree, parametric = parametric,  :"
"2","
 "
"2"," neighborhood radius 6.8685
"
"2","Warning in simpleLoess(y, x, w, span, degree = degree, parametric = parametric,  :"
"2","
 "
"2"," reciprocal condition number  0
"
"2","Warning in simpleLoess(y, x, w, span, degree = degree, parametric = parametric,  :"
"2","
 "
"2"," There are other near singularities as well. 1.2464
"
"2","Warning in predLoess(object$y, object$x, newx = if (is.null(newdata)) object$x else if (is.data.frame(newdata)) as.matrix(model.frame(delete.response(terms(object)),  :"
"2","
 "
"2"," pseudoinverse used at 5.3657
"
"2","Warning in predLoess(object$y, object$x, newx = if (is.null(newdata)) object$x else if (is.data.frame(newdata)) as.matrix(model.frame(delete.response(terms(object)),  :"
"2","
 "
"2"," neighborhood radius 6.8685
"
"2","Warning in predLoess(object$y, object$x, newx = if (is.null(newdata)) object$x else if (is.data.frame(newdata)) as.matrix(model.frame(delete.response(terms(object)),  :"
"2","
 "
"2"," reciprocal condition number  0
"
"2","Warning in predLoess(object$y, object$x, newx = if (is.null(newdata)) object$x else if (is.data.frame(newdata)) as.matrix(model.frame(delete.response(terms(object)),  :"
"2","
 "
"2"," There are other near singularities as well. 1.2464
"
"2","Warning in simpleLoess(y, x, w, span, degree = degree, parametric = parametric,  :"
"2","
 "
"2"," pseudoinverse used at 3.3536
"
"2","Warning in simpleLoess(y, x, w, span, degree = degree, parametric = parametric,  :"
"2","
 "
"2"," neighborhood radius 0.50582
"
"2","Warning in simpleLoess(y, x, w, span, degree = degree, parametric = parametric,  :"
"2","
 "
"2"," reciprocal condition number  0
"
"2","Warning in simpleLoess(y, x, w, span, degree = degree, parametric = parametric,  :"
"2","
 "
"2"," There are other near singularities as well. 13.012
"
"2","Warning in predLoess(object$y, object$x, newx = if (is.null(newdata)) object$x else if (is.data.frame(newdata)) as.matrix(model.frame(delete.response(terms(object)),  :"
"2","
 "
"2"," pseudoinverse used at 3.3536
"
"2","Warning in predLoess(object$y, object$x, newx = if (is.null(newdata)) object$x else if (is.data.frame(newdata)) as.matrix(model.frame(delete.response(terms(object)),  :"
"2","
 "
"2"," neighborhood radius 0.50582
"
"2","Warning in predLoess(object$y, object$x, newx = if (is.null(newdata)) object$x else if (is.data.frame(newdata)) as.matrix(model.frame(delete.response(terms(object)),  :"
"2","
 "
"2"," reciprocal condition number  0
"
"2","Warning in predLoess(object$y, object$x, newx = if (is.null(newdata)) object$x else if (is.data.frame(newdata)) as.matrix(model.frame(delete.response(terms(object)),  :"
"2","
 "
"2"," There are other near singularities as well. 13.012
"
"2","Warning in simpleLoess(y, x, w, span, degree = degree, parametric = parametric,  :"
"2","
 "
"2"," pseudoinverse used at 4.2539
"
"2","Warning in simpleLoess(y, x, w, span, degree = degree, parametric = parametric,  :"
"2","
 "
"2"," neighborhood radius 2.4544
"
"2","Warning in simpleLoess(y, x, w, span, degree = degree, parametric = parametric,  :"
"2","
 "
"2"," reciprocal condition number  0
"
"2","Warning in simpleLoess(y, x, w, span, degree = degree, parametric = parametric,  :"
"2","
 "
"2"," There are other near singularities as well. 177.02
"
"2","Warning in predLoess(object$y, object$x, newx = if (is.null(newdata)) object$x else if (is.data.frame(newdata)) as.matrix(model.frame(delete.response(terms(object)),  :"
"2","
 "
"2"," pseudoinverse used at 4.2539
"
"2","Warning in predLoess(object$y, object$x, newx = if (is.null(newdata)) object$x else if (is.data.frame(newdata)) as.matrix(model.frame(delete.response(terms(object)),  :"
"2","
 "
"2"," neighborhood radius 2.4544
"
"2","Warning in predLoess(object$y, object$x, newx = if (is.null(newdata)) object$x else if (is.data.frame(newdata)) as.matrix(model.frame(delete.response(terms(object)),  :"
"2","
 "
"2"," reciprocal condition number  0
"
"2","Warning in predLoess(object$y, object$x, newx = if (is.null(newdata)) object$x else if (is.data.frame(newdata)) as.matrix(model.frame(delete.response(terms(object)),  :"
"2","
 "
"2"," There are other near singularities as well. 177.02
"
"2","Warning in simpleLoess(y, x, w, span, degree = degree, parametric = parametric,  :"
"2","
 "
"2"," pseudoinverse used at 3.4022
"
"2","Warning in simpleLoess(y, x, w, span, degree = degree, parametric = parametric,  :"
"2","
 "
"2"," neighborhood radius 4.0842
"
"2","Warning in simpleLoess(y, x, w, span, degree = degree, parametric = parametric,  :"
"2","
 "
"2"," reciprocal condition number  0
"
"2","Warning in simpleLoess(y, x, w, span, degree = degree, parametric = parametric,  :"
"2","
 "
"2"," There are other near singularities as well. 34.944
"
"2","Warning in predLoess(object$y, object$x, newx = if (is.null(newdata)) object$x else if (is.data.frame(newdata)) as.matrix(model.frame(delete.response(terms(object)),  :"
"2","
 "
"2"," pseudoinverse used at 3.4022
"
"2","Warning in predLoess(object$y, object$x, newx = if (is.null(newdata)) object$x else if (is.data.frame(newdata)) as.matrix(model.frame(delete.response(terms(object)),  :"
"2","
 "
"2"," neighborhood radius 4.0842
"
"2","Warning in predLoess(object$y, object$x, newx = if (is.null(newdata)) object$x else if (is.data.frame(newdata)) as.matrix(model.frame(delete.response(terms(object)),  :"
"2","
 "
"2"," reciprocal condition number  0
"
"2","Warning in predLoess(object$y, object$x, newx = if (is.null(newdata)) object$x else if (is.data.frame(newdata)) as.matrix(model.frame(delete.response(terms(object)),  :"
"2","
 "
"2"," There are other near singularities as well. 34.944
"
"2","Warning in simpleLoess(y, x, w, span, degree = degree, parametric = parametric,  :"
"2","
 "
"2"," pseudoinverse used at 5.3657
"
"2","Warning in simpleLoess(y, x, w, span, degree = degree, parametric = parametric,  :"
"2","
 "
"2"," neighborhood radius 6.8685
"
"2","Warning in simpleLoess(y, x, w, span, degree = degree, parametric = parametric,  :"
"2","
 "
"2"," reciprocal condition number  0
"
"2","Warning in simpleLoess(y, x, w, span, degree = degree, parametric = parametric,  :"
"2","
 "
"2"," There are other near singularities as well. 1.2464
"
"2","Warning in predLoess(object$y, object$x, newx = if (is.null(newdata)) object$x else if (is.data.frame(newdata)) as.matrix(model.frame(delete.response(terms(object)),  :"
"2","
 "
"2"," pseudoinverse used at 5.3657
"
"2","Warning in predLoess(object$y, object$x, newx = if (is.null(newdata)) object$x else if (is.data.frame(newdata)) as.matrix(model.frame(delete.response(terms(object)),  :"
"2","
 "
"2"," neighborhood radius 6.8685
"
"2","Warning in predLoess(object$y, object$x, newx = if (is.null(newdata)) object$x else if (is.data.frame(newdata)) as.matrix(model.frame(delete.response(terms(object)),  :"
"2","
 "
"2"," reciprocal condition number  0
"
"2","Warning in predLoess(object$y, object$x, newx = if (is.null(newdata)) object$x else if (is.data.frame(newdata)) as.matrix(model.frame(delete.response(terms(object)),  :"
"2","
 "
"2"," There are other near singularities as well. 1.2464
"
"2","Warning in simpleLoess(y, x, w, span, degree = degree, parametric = parametric,  :"
"2","
 "
"2"," pseudoinverse used at 3.3536
"
"2","Warning in simpleLoess(y, x, w, span, degree = degree, parametric = parametric,  :"
"2","
 "
"2"," neighborhood radius 0.50582
"
"2","Warning in simpleLoess(y, x, w, span, degree = degree, parametric = parametric,  :"
"2","
 "
"2"," reciprocal condition number  0
"
"2","Warning in simpleLoess(y, x, w, span, degree = degree, parametric = parametric,  :"
"2","
 "
"2"," There are other near singularities as well. 13.012
"
"2","Warning in predLoess(object$y, object$x, newx = if (is.null(newdata)) object$x else if (is.data.frame(newdata)) as.matrix(model.frame(delete.response(terms(object)),  :"
"2","
 "
"2"," pseudoinverse used at 3.3536
"
"2","Warning in predLoess(object$y, object$x, newx = if (is.null(newdata)) object$x else if (is.data.frame(newdata)) as.matrix(model.frame(delete.response(terms(object)),  :"
"2","
 "
"2"," neighborhood radius 0.50582
"
"2","Warning in predLoess(object$y, object$x, newx = if (is.null(newdata)) object$x else if (is.data.frame(newdata)) as.matrix(model.frame(delete.response(terms(object)),  :"
"2","
 "
"2"," reciprocal condition number  0
"
"2","Warning in predLoess(object$y, object$x, newx = if (is.null(newdata)) object$x else if (is.data.frame(newdata)) as.matrix(model.frame(delete.response(terms(object)),  :"
"2","
 "
"2"," There are other near singularities as well. 13.012
"
"2","Warning in simpleLoess(y, x, w, span, degree = degree, parametric = parametric,  :"
"2","
 "
"2"," pseudoinverse used at 4.2539
"
"2","Warning in simpleLoess(y, x, w, span, degree = degree, parametric = parametric,  :"
"2","
 "
"2"," neighborhood radius 2.4544
"
"2","Warning in simpleLoess(y, x, w, span, degree = degree, parametric = parametric,  :"
"2","
 "
"2"," reciprocal condition number  0
"
"2","Warning in simpleLoess(y, x, w, span, degree = degree, parametric = parametric,  :"
"2","
 "
"2"," There are other near singularities as well. 177.02
"
"2","Warning in predLoess(object$y, object$x, newx = if (is.null(newdata)) object$x else if (is.data.frame(newdata)) as.matrix(model.frame(delete.response(terms(object)),  :"
"2","
 "
"2"," pseudoinverse used at 4.2539
"
"2","Warning in predLoess(object$y, object$x, newx = if (is.null(newdata)) object$x else if (is.data.frame(newdata)) as.matrix(model.frame(delete.response(terms(object)),  :"
"2","
 "
"2"," neighborhood radius 2.4544
"
"2","Warning in predLoess(object$y, object$x, newx = if (is.null(newdata)) object$x else if (is.data.frame(newdata)) as.matrix(model.frame(delete.response(terms(object)),  :"
"2","
 "
"2"," reciprocal condition number  0
"
"2","Warning in predLoess(object$y, object$x, newx = if (is.null(newdata)) object$x else if (is.data.frame(newdata)) as.matrix(model.frame(delete.response(terms(object)),  :"
"2","
 "
"2"," There are other near singularities as well. 177.02
"
"2","Warning in simpleLoess(y, x, w, span, degree = degree, parametric = parametric,  :"
"2","
 "
"2"," pseudoinverse used at 3.4022
"
"2","Warning in simpleLoess(y, x, w, span, degree = degree, parametric = parametric,  :"
"2","
 "
"2"," neighborhood radius 4.0842
"
"2","Warning in simpleLoess(y, x, w, span, degree = degree, parametric = parametric,  :"
"2","
 "
"2"," reciprocal condition number  0
"
"2","Warning in simpleLoess(y, x, w, span, degree = degree, parametric = parametric,  :"
"2","
 "
"2"," There are other near singularities as well. 34.944
"
"2","Warning in predLoess(object$y, object$x, newx = if (is.null(newdata)) object$x else if (is.data.frame(newdata)) as.matrix(model.frame(delete.response(terms(object)),  :"
"2","
 "
"2"," pseudoinverse used at 3.4022
"
"2","Warning in predLoess(object$y, object$x, newx = if (is.null(newdata)) object$x else if (is.data.frame(newdata)) as.matrix(model.frame(delete.response(terms(object)),  :"
"2","
 "
"2"," neighborhood radius 4.0842
"
"2","Warning in predLoess(object$y, object$x, newx = if (is.null(newdata)) object$x else if (is.data.frame(newdata)) as.matrix(model.frame(delete.response(terms(object)),  :"
"2","
 "
"2"," reciprocal condition number  0
"
"2","Warning in predLoess(object$y, object$x, newx = if (is.null(newdata)) object$x else if (is.data.frame(newdata)) as.matrix(model.frame(delete.response(terms(object)),  :"
"2","
 "
"2"," There are other near singularities as well. 34.944
"
"2","Warning in simpleLoess(y, x, w, span, degree = degree, parametric = parametric,  :"
"2","
 "
"2"," pseudoinverse used at 5.3657
"
"2","Warning in simpleLoess(y, x, w, span, degree = degree, parametric = parametric,  :"
"2","
 "
"2"," neighborhood radius 6.8685
"
"2","Warning in simpleLoess(y, x, w, span, degree = degree, parametric = parametric,  :"
"2","
 "
"2"," reciprocal condition number  0
"
"2","Warning in simpleLoess(y, x, w, span, degree = degree, parametric = parametric,  :"
"2","
 "
"2"," There are other near singularities as well. 1.2464
"
"2","Warning in predLoess(object$y, object$x, newx = if (is.null(newdata)) object$x else if (is.data.frame(newdata)) as.matrix(model.frame(delete.response(terms(object)),  :"
"2","
 "
"2"," pseudoinverse used at 5.3657
"
"2","Warning in predLoess(object$y, object$x, newx = if (is.null(newdata)) object$x else if (is.data.frame(newdata)) as.matrix(model.frame(delete.response(terms(object)),  :"
"2","
 "
"2"," neighborhood radius 6.8685
"
"2","Warning in predLoess(object$y, object$x, newx = if (is.null(newdata)) object$x else if (is.data.frame(newdata)) as.matrix(model.frame(delete.response(terms(object)),  :"
"2","
 "
"2"," reciprocal condition number  0
"
"2","Warning in predLoess(object$y, object$x, newx = if (is.null(newdata)) object$x else if (is.data.frame(newdata)) as.matrix(model.frame(delete.response(terms(object)),  :"
"2","
 "
"2"," There are other near singularities as well. 1.2464
"
"2","Warning in simpleLoess(y, x, w, span, degree = degree, parametric = parametric,  :"
"2","
 "
"2"," pseudoinverse used at 3.3536
"
"2","Warning in simpleLoess(y, x, w, span, degree = degree, parametric = parametric,  :"
"2","
 "
"2"," neighborhood radius 0.50582
"
"2","Warning in simpleLoess(y, x, w, span, degree = degree, parametric = parametric,  :"
"2","
 "
"2"," reciprocal condition number  0
"
"2","Warning in simpleLoess(y, x, w, span, degree = degree, parametric = parametric,  :"
"2","
 "
"2"," There are other near singularities as well. 13.012
"
"2","Warning in predLoess(object$y, object$x, newx = if (is.null(newdata)) object$x else if (is.data.frame(newdata)) as.matrix(model.frame(delete.response(terms(object)),  :"
"2","
 "
"2"," pseudoinverse used at 3.3536
"
"2","Warning in predLoess(object$y, object$x, newx = if (is.null(newdata)) object$x else if (is.data.frame(newdata)) as.matrix(model.frame(delete.response(terms(object)),  :"
"2","
 "
"2"," neighborhood radius 0.50582
"
"2","Warning in predLoess(object$y, object$x, newx = if (is.null(newdata)) object$x else if (is.data.frame(newdata)) as.matrix(model.frame(delete.response(terms(object)),  :"
"2","
 "
"2"," reciprocal condition number  0
"
"2","Warning in predLoess(object$y, object$x, newx = if (is.null(newdata)) object$x else if (is.data.frame(newdata)) as.matrix(model.frame(delete.response(terms(object)),  :"
"2","
 "
"2"," There are other near singularities as well. 13.012
"
"2","Warning in simpleLoess(y, x, w, span, degree = degree, parametric = parametric,  :"
"2","
 "
"2"," pseudoinverse used at 4.2539
"
"2","Warning in simpleLoess(y, x, w, span, degree = degree, parametric = parametric,  :"
"2","
 "
"2"," neighborhood radius 2.4544
"
"2","Warning in simpleLoess(y, x, w, span, degree = degree, parametric = parametric,  :"
"2","
 "
"2"," reciprocal condition number  0
"
"2","Warning in simpleLoess(y, x, w, span, degree = degree, parametric = parametric,  :"
"2","
 "
"2"," There are other near singularities as well. 177.02
"
"2","Warning in predLoess(object$y, object$x, newx = if (is.null(newdata)) object$x else if (is.data.frame(newdata)) as.matrix(model.frame(delete.response(terms(object)),  :"
"2","
 "
"2"," pseudoinverse used at 4.2539
"
"2","Warning in predLoess(object$y, object$x, newx = if (is.null(newdata)) object$x else if (is.data.frame(newdata)) as.matrix(model.frame(delete.response(terms(object)),  :"
"2","
 "
"2"," neighborhood radius 2.4544
"
"2","Warning in predLoess(object$y, object$x, newx = if (is.null(newdata)) object$x else if (is.data.frame(newdata)) as.matrix(model.frame(delete.response(terms(object)),  :"
"2","
 "
"2"," reciprocal condition number  0
"
"2","Warning in predLoess(object$y, object$x, newx = if (is.null(newdata)) object$x else if (is.data.frame(newdata)) as.matrix(model.frame(delete.response(terms(object)),  :"
"2","
 "
"2"," There are other near singularities as well. 177.02
"
"2","Warning in simpleLoess(y, x, w, span, degree = degree, parametric = parametric,  :"
"2","
 "
"2"," pseudoinverse used at 3.4022
"
"2","Warning in simpleLoess(y, x, w, span, degree = degree, parametric = parametric,  :"
"2","
 "
"2"," neighborhood radius 4.0842
"
"2","Warning in simpleLoess(y, x, w, span, degree = degree, parametric = parametric,  :"
"2","
 "
"2"," reciprocal condition number  0
"
"2","Warning in simpleLoess(y, x, w, span, degree = degree, parametric = parametric,  :"
"2","
 "
"2"," There are other near singularities as well. 34.944
"
"2","Warning in predLoess(object$y, object$x, newx = if (is.null(newdata)) object$x else if (is.data.frame(newdata)) as.matrix(model.frame(delete.response(terms(object)),  :"
"2","
 "
"2"," pseudoinverse used at 3.4022
"
"2","Warning in predLoess(object$y, object$x, newx = if (is.null(newdata)) object$x else if (is.data.frame(newdata)) as.matrix(model.frame(delete.response(terms(object)),  :"
"2","
 "
"2"," neighborhood radius 4.0842
"
"2","Warning in predLoess(object$y, object$x, newx = if (is.null(newdata)) object$x else if (is.data.frame(newdata)) as.matrix(model.frame(delete.response(terms(object)),  :"
"2","
 "
"2"," reciprocal condition number  0
"
"2","Warning in predLoess(object$y, object$x, newx = if (is.null(newdata)) object$x else if (is.data.frame(newdata)) as.matrix(model.frame(delete.response(terms(object)),  :"
"2","
 "
"2"," There are other near singularities as well. 34.944
"
"2","Warning in simpleLoess(y, x, w, span, degree = degree, parametric = parametric,  :"
"2","
 "
"2"," pseudoinverse used at 5.3657
"
"2","Warning in simpleLoess(y, x, w, span, degree = degree, parametric = parametric,  :"
"2","
 "
"2"," neighborhood radius 6.8685
"
"2","Warning in simpleLoess(y, x, w, span, degree = degree, parametric = parametric,  :"
"2","
 "
"2"," reciprocal condition number  0
"
"2","Warning in simpleLoess(y, x, w, span, degree = degree, parametric = parametric,  :"
"2","
 "
"2"," There are other near singularities as well. 1.2464
"
"2","Warning in predLoess(object$y, object$x, newx = if (is.null(newdata)) object$x else if (is.data.frame(newdata)) as.matrix(model.frame(delete.response(terms(object)),  :"
"2","
 "
"2"," pseudoinverse used at 5.3657
"
"2","Warning in predLoess(object$y, object$x, newx = if (is.null(newdata)) object$x else if (is.data.frame(newdata)) as.matrix(model.frame(delete.response(terms(object)),  :"
"2","
 "
"2"," neighborhood radius 6.8685
"
"2","Warning in predLoess(object$y, object$x, newx = if (is.null(newdata)) object$x else if (is.data.frame(newdata)) as.matrix(model.frame(delete.response(terms(object)),  :"
"2","
 "
"2"," reciprocal condition number  0
"
"2","Warning in predLoess(object$y, object$x, newx = if (is.null(newdata)) object$x else if (is.data.frame(newdata)) as.matrix(model.frame(delete.response(terms(object)),  :"
"2","
 "
"2"," There are other near singularities as well. 1.2464
"
"2","Warning in simpleLoess(y, x, w, span, degree = degree, parametric = parametric,  :"
"2","
 "
"2"," pseudoinverse used at 3.3536
"
"2","Warning in simpleLoess(y, x, w, span, degree = degree, parametric = parametric,  :"
"2","
 "
"2"," neighborhood radius 0.50582
"
"2","Warning in simpleLoess(y, x, w, span, degree = degree, parametric = parametric,  :"
"2","
 "
"2"," reciprocal condition number  0
"
"2","Warning in simpleLoess(y, x, w, span, degree = degree, parametric = parametric,  :"
"2","
 "
"2"," There are other near singularities as well. 13.012
"
"2","Warning in predLoess(object$y, object$x, newx = if (is.null(newdata)) object$x else if (is.data.frame(newdata)) as.matrix(model.frame(delete.response(terms(object)),  :"
"2","
 "
"2"," pseudoinverse used at 3.3536
"
"2","Warning in predLoess(object$y, object$x, newx = if (is.null(newdata)) object$x else if (is.data.frame(newdata)) as.matrix(model.frame(delete.response(terms(object)),  :"
"2","
 "
"2"," neighborhood radius 0.50582
"
"2","Warning in predLoess(object$y, object$x, newx = if (is.null(newdata)) object$x else if (is.data.frame(newdata)) as.matrix(model.frame(delete.response(terms(object)),  :"
"2","
 "
"2"," reciprocal condition number  0
"
"2","Warning in predLoess(object$y, object$x, newx = if (is.null(newdata)) object$x else if (is.data.frame(newdata)) as.matrix(model.frame(delete.response(terms(object)),  :"
"2","
 "
"2"," There are other near singularities as well. 13.012
"
"2","Warning in simpleLoess(y, x, w, span, degree = degree, parametric = parametric,  :"
"2","
 "
"2"," pseudoinverse used at 4.2539
"
"2","Warning in simpleLoess(y, x, w, span, degree = degree, parametric = parametric,  :"
"2","
 "
"2"," neighborhood radius 2.4544
"
"2","Warning in simpleLoess(y, x, w, span, degree = degree, parametric = parametric,  :"
"2","
 "
"2"," reciprocal condition number  0
"
"2","Warning in simpleLoess(y, x, w, span, degree = degree, parametric = parametric,  :"
"2","
 "
"2"," There are other near singularities as well. 177.02
"
"2","Warning in predLoess(object$y, object$x, newx = if (is.null(newdata)) object$x else if (is.data.frame(newdata)) as.matrix(model.frame(delete.response(terms(object)),  :"
"2","
 "
"2"," pseudoinverse used at 4.2539
"
"2","Warning in predLoess(object$y, object$x, newx = if (is.null(newdata)) object$x else if (is.data.frame(newdata)) as.matrix(model.frame(delete.response(terms(object)),  :"
"2","
 "
"2"," neighborhood radius 2.4544
"
"2","Warning in predLoess(object$y, object$x, newx = if (is.null(newdata)) object$x else if (is.data.frame(newdata)) as.matrix(model.frame(delete.response(terms(object)),  :"
"2","
 "
"2"," reciprocal condition number  0
"
"2","Warning in predLoess(object$y, object$x, newx = if (is.null(newdata)) object$x else if (is.data.frame(newdata)) as.matrix(model.frame(delete.response(terms(object)),  :"
"2","
 "
"2"," There are other near singularities as well. 177.02
"
"2","Warning in simpleLoess(y, x, w, span, degree = degree, parametric = parametric,  :"
"2","
 "
"2"," pseudoinverse used at 3.4022
"
"2","Warning in simpleLoess(y, x, w, span, degree = degree, parametric = parametric,  :"
"2","
 "
"2"," neighborhood radius 4.0842
"
"2","Warning in simpleLoess(y, x, w, span, degree = degree, parametric = parametric,  :"
"2","
 "
"2"," reciprocal condition number  0
"
"2","Warning in simpleLoess(y, x, w, span, degree = degree, parametric = parametric,  :"
"2","
 "
"2"," There are other near singularities as well. 34.944
"
"2","Warning in predLoess(object$y, object$x, newx = if (is.null(newdata)) object$x else if (is.data.frame(newdata)) as.matrix(model.frame(delete.response(terms(object)),  :"
"2","
 "
"2"," pseudoinverse used at 3.4022
"
"2","Warning in predLoess(object$y, object$x, newx = if (is.null(newdata)) object$x else if (is.data.frame(newdata)) as.matrix(model.frame(delete.response(terms(object)),  :"
"2","
 "
"2"," neighborhood radius 4.0842
"
"2","Warning in predLoess(object$y, object$x, newx = if (is.null(newdata)) object$x else if (is.data.frame(newdata)) as.matrix(model.frame(delete.response(terms(object)),  :"
"2","
 "
"2"," reciprocal condition number  0
"
"2","Warning in predLoess(object$y, object$x, newx = if (is.null(newdata)) object$x else if (is.data.frame(newdata)) as.matrix(model.frame(delete.response(terms(object)),  :"
"2","
 "
"2"," There are other near singularities as well. 34.944
"
"2","Warning in simpleLoess(y, x, w, span, degree = degree, parametric = parametric,  :"
"2","
 "
"2"," pseudoinverse used at 5.3657
"
"2","Warning in simpleLoess(y, x, w, span, degree = degree, parametric = parametric,  :"
"2","
 "
"2"," neighborhood radius 6.8685
"
"2","Warning in simpleLoess(y, x, w, span, degree = degree, parametric = parametric,  :"
"2","
 "
"2"," reciprocal condition number  0
"
"2","Warning in simpleLoess(y, x, w, span, degree = degree, parametric = parametric,  :"
"2","
 "
"2"," There are other near singularities as well. 1.2464
"
"2","Warning in predLoess(object$y, object$x, newx = if (is.null(newdata)) object$x else if (is.data.frame(newdata)) as.matrix(model.frame(delete.response(terms(object)),  :"
"2","
 "
"2"," pseudoinverse used at 5.3657
"
"2","Warning in predLoess(object$y, object$x, newx = if (is.null(newdata)) object$x else if (is.data.frame(newdata)) as.matrix(model.frame(delete.response(terms(object)),  :"
"2","
 "
"2"," neighborhood radius 6.8685
"
"2","Warning in predLoess(object$y, object$x, newx = if (is.null(newdata)) object$x else if (is.data.frame(newdata)) as.matrix(model.frame(delete.response(terms(object)),  :"
"2","
 "
"2"," reciprocal condition number  0
"
"2","Warning in predLoess(object$y, object$x, newx = if (is.null(newdata)) object$x else if (is.data.frame(newdata)) as.matrix(model.frame(delete.response(terms(object)),  :"
"2","
 "
"2"," There are other near singularities as well. 1.2464
"
"2","Warning in simpleLoess(y, x, w, span, degree = degree, parametric = parametric,  :"
"2","
 "
"2"," pseudoinverse used at 3.3536
"
"2","Warning in simpleLoess(y, x, w, span, degree = degree, parametric = parametric,  :"
"2","
 "
"2"," neighborhood radius 0.50582
"
"2","Warning in simpleLoess(y, x, w, span, degree = degree, parametric = parametric,  :"
"2","
 "
"2"," reciprocal condition number  0
"
"2","Warning in simpleLoess(y, x, w, span, degree = degree, parametric = parametric,  :"
"2","
 "
"2"," There are other near singularities as well. 13.012
"
"2","Warning in predLoess(object$y, object$x, newx = if (is.null(newdata)) object$x else if (is.data.frame(newdata)) as.matrix(model.frame(delete.response(terms(object)),  :"
"2","
 "
"2"," pseudoinverse used at 3.3536
"
"2","Warning in predLoess(object$y, object$x, newx = if (is.null(newdata)) object$x else if (is.data.frame(newdata)) as.matrix(model.frame(delete.response(terms(object)),  :"
"2","
 "
"2"," neighborhood radius 0.50582
"
"2","Warning in predLoess(object$y, object$x, newx = if (is.null(newdata)) object$x else if (is.data.frame(newdata)) as.matrix(model.frame(delete.response(terms(object)),  :"
"2","
 "
"2"," reciprocal condition number  0
"
"2","Warning in predLoess(object$y, object$x, newx = if (is.null(newdata)) object$x else if (is.data.frame(newdata)) as.matrix(model.frame(delete.response(terms(object)),  :"
"2","
 "
"2"," There are other near singularities as well. 13.012
"
"2","Warning in simpleLoess(y, x, w, span, degree = degree, parametric = parametric,  :"
"2","
 "
"2"," pseudoinverse used at 4.2539
"
"2","Warning in simpleLoess(y, x, w, span, degree = degree, parametric = parametric,  :"
"2","
 "
"2"," neighborhood radius 2.4544
"
"2","Warning in simpleLoess(y, x, w, span, degree = degree, parametric = parametric,  :"
"2","
 "
"2"," reciprocal condition number  0
"
"2","Warning in simpleLoess(y, x, w, span, degree = degree, parametric = parametric,  :"
"2","
 "
"2"," There are other near singularities as well. 177.02
"
"2","Warning in predLoess(object$y, object$x, newx = if (is.null(newdata)) object$x else if (is.data.frame(newdata)) as.matrix(model.frame(delete.response(terms(object)),  :"
"2","
 "
"2"," pseudoinverse used at 4.2539
"
"2","Warning in predLoess(object$y, object$x, newx = if (is.null(newdata)) object$x else if (is.data.frame(newdata)) as.matrix(model.frame(delete.response(terms(object)),  :"
"2","
 "
"2"," neighborhood radius 2.4544
"
"2","Warning in predLoess(object$y, object$x, newx = if (is.null(newdata)) object$x else if (is.data.frame(newdata)) as.matrix(model.frame(delete.response(terms(object)),  :"
"2","
 "
"2"," reciprocal condition number  0
"
"2","Warning in predLoess(object$y, object$x, newx = if (is.null(newdata)) object$x else if (is.data.frame(newdata)) as.matrix(model.frame(delete.response(terms(object)),  :"
"2","
 "
"2"," There are other near singularities as well. 177.02
"
"2","Warning in simpleLoess(y, x, w, span, degree = degree, parametric = parametric,  :"
"2","
 "
"2"," pseudoinverse used at 3.4022
"
"2","Warning in simpleLoess(y, x, w, span, degree = degree, parametric = parametric,  :"
"2","
 "
"2"," neighborhood radius 4.0842
"
"2","Warning in simpleLoess(y, x, w, span, degree = degree, parametric = parametric,  :"
"2","
 "
"2"," reciprocal condition number  0
"
"2","Warning in simpleLoess(y, x, w, span, degree = degree, parametric = parametric,  :"
"2","
 "
"2"," There are other near singularities as well. 34.944
"
"2","Warning in predLoess(object$y, object$x, newx = if (is.null(newdata)) object$x else if (is.data.frame(newdata)) as.matrix(model.frame(delete.response(terms(object)),  :"
"2","
 "
"2"," pseudoinverse used at 3.4022
"
"2","Warning in predLoess(object$y, object$x, newx = if (is.null(newdata)) object$x else if (is.data.frame(newdata)) as.matrix(model.frame(delete.response(terms(object)),  :"
"2","
 "
"2"," neighborhood radius 4.0842
"
"2","Warning in predLoess(object$y, object$x, newx = if (is.null(newdata)) object$x else if (is.data.frame(newdata)) as.matrix(model.frame(delete.response(terms(object)),  :"
"2","
 "
"2"," reciprocal condition number  0
"
"2","Warning in predLoess(object$y, object$x, newx = if (is.null(newdata)) object$x else if (is.data.frame(newdata)) as.matrix(model.frame(delete.response(terms(object)),  :"
"2","
 "
"2"," There are other near singularities as well. 34.944
"
"2","Warning in simpleLoess(y, x, w, span, degree = degree, parametric = parametric,  :"
"2","
 "
"2"," pseudoinverse used at 5.3657
"
"2","Warning in simpleLoess(y, x, w, span, degree = degree, parametric = parametric,  :"
"2","
 "
"2"," neighborhood radius 6.8685
"
"2","Warning in simpleLoess(y, x, w, span, degree = degree, parametric = parametric,  :"
"2","
 "
"2"," reciprocal condition number  0
"
"2","Warning in simpleLoess(y, x, w, span, degree = degree, parametric = parametric,  :"
"2","
 "
"2"," There are other near singularities as well. 1.2464
"
"2","Warning in predLoess(object$y, object$x, newx = if (is.null(newdata)) object$x else if (is.data.frame(newdata)) as.matrix(model.frame(delete.response(terms(object)),  :"
"2","
 "
"2"," pseudoinverse used at 5.3657
"
"2","Warning in predLoess(object$y, object$x, newx = if (is.null(newdata)) object$x else if (is.data.frame(newdata)) as.matrix(model.frame(delete.response(terms(object)),  :"
"2","
 "
"2"," neighborhood radius 6.8685
"
"2","Warning in predLoess(object$y, object$x, newx = if (is.null(newdata)) object$x else if (is.data.frame(newdata)) as.matrix(model.frame(delete.response(terms(object)),  :"
"2","
 "
"2"," reciprocal condition number  0
"
"2","Warning in predLoess(object$y, object$x, newx = if (is.null(newdata)) object$x else if (is.data.frame(newdata)) as.matrix(model.frame(delete.response(terms(object)),  :"
"2","
 "
"2"," There are other near singularities as well. 1.2464
"
"2","Warning in simpleLoess(y, x, w, span, degree = degree, parametric = parametric,  :"
"2","
 "
"2"," pseudoinverse used at 3.3536
"
"2","Warning in simpleLoess(y, x, w, span, degree = degree, parametric = parametric,  :"
"2","
 "
"2"," neighborhood radius 0.50582
"
"2","Warning in simpleLoess(y, x, w, span, degree = degree, parametric = parametric,  :"
"2","
 "
"2"," reciprocal condition number  0
"
"2","Warning in simpleLoess(y, x, w, span, degree = degree, parametric = parametric,  :"
"2","
 "
"2"," There are other near singularities as well. 13.012
"
"2","Warning in predLoess(object$y, object$x, newx = if (is.null(newdata)) object$x else if (is.data.frame(newdata)) as.matrix(model.frame(delete.response(terms(object)),  :"
"2","
 "
"2"," pseudoinverse used at 3.3536
"
"2","Warning in predLoess(object$y, object$x, newx = if (is.null(newdata)) object$x else if (is.data.frame(newdata)) as.matrix(model.frame(delete.response(terms(object)),  :"
"2","
 "
"2"," neighborhood radius 0.50582
"
"2","Warning in predLoess(object$y, object$x, newx = if (is.null(newdata)) object$x else if (is.data.frame(newdata)) as.matrix(model.frame(delete.response(terms(object)),  :"
"2","
 "
"2"," reciprocal condition number  0
"
"2","Warning in predLoess(object$y, object$x, newx = if (is.null(newdata)) object$x else if (is.data.frame(newdata)) as.matrix(model.frame(delete.response(terms(object)),  :"
"2","
 "
"2"," There are other near singularities as well. 13.012
"
"2","Warning in simpleLoess(y, x, w, span, degree = degree, parametric = parametric,  :"
"2","
 "
"2"," pseudoinverse used at 4.2539
"
"2","Warning in simpleLoess(y, x, w, span, degree = degree, parametric = parametric,  :"
"2","
 "
"2"," neighborhood radius 2.4544
"
"2","Warning in simpleLoess(y, x, w, span, degree = degree, parametric = parametric,  :"
"2","
 "
"2"," reciprocal condition number  0
"
"2","Warning in simpleLoess(y, x, w, span, degree = degree, parametric = parametric,  :"
"2","
 "
"2"," There are other near singularities as well. 177.02
"
"2","Warning in predLoess(object$y, object$x, newx = if (is.null(newdata)) object$x else if (is.data.frame(newdata)) as.matrix(model.frame(delete.response(terms(object)),  :"
"2","
 "
"2"," pseudoinverse used at 4.2539
"
"2","Warning in predLoess(object$y, object$x, newx = if (is.null(newdata)) object$x else if (is.data.frame(newdata)) as.matrix(model.frame(delete.response(terms(object)),  :"
"2","
 "
"2"," neighborhood radius 2.4544
"
"2","Warning in predLoess(object$y, object$x, newx = if (is.null(newdata)) object$x else if (is.data.frame(newdata)) as.matrix(model.frame(delete.response(terms(object)),  :"
"2","
 "
"2"," reciprocal condition number  0
"
"2","Warning in predLoess(object$y, object$x, newx = if (is.null(newdata)) object$x else if (is.data.frame(newdata)) as.matrix(model.frame(delete.response(terms(object)),  :"
"2","
 "
"2"," There are other near singularities as well. 177.02
"
"2","Warning in simpleLoess(y, x, w, span, degree = degree, parametric = parametric,  :"
"2","
 "
"2"," pseudoinverse used at 3.4022
"
"2","Warning in simpleLoess(y, x, w, span, degree = degree, parametric = parametric,  :"
"2","
 "
"2"," neighborhood radius 4.0842
"
"2","Warning in simpleLoess(y, x, w, span, degree = degree, parametric = parametric,  :"
"2","
 "
"2"," reciprocal condition number  0
"
"2","Warning in simpleLoess(y, x, w, span, degree = degree, parametric = parametric,  :"
"2","
 "
"2"," There are other near singularities as well. 34.944
"
"2","Warning in predLoess(object$y, object$x, newx = if (is.null(newdata)) object$x else if (is.data.frame(newdata)) as.matrix(model.frame(delete.response(terms(object)),  :"
"2","
 "
"2"," pseudoinverse used at 3.4022
"
"2","Warning in predLoess(object$y, object$x, newx = if (is.null(newdata)) object$x else if (is.data.frame(newdata)) as.matrix(model.frame(delete.response(terms(object)),  :"
"2","
 "
"2"," neighborhood radius 4.0842
"
"2","Warning in predLoess(object$y, object$x, newx = if (is.null(newdata)) object$x else if (is.data.frame(newdata)) as.matrix(model.frame(delete.response(terms(object)),  :"
"2","
 "
"2"," reciprocal condition number  0
"
"2","Warning in predLoess(object$y, object$x, newx = if (is.null(newdata)) object$x else if (is.data.frame(newdata)) as.matrix(model.frame(delete.response(terms(object)),  :"
"2","
 "
"2"," There are other near singularities as well. 34.944
"
"2","Warning in simpleLoess(y, x, w, span, degree = degree, parametric = parametric,  :"
"2","
 "
"2"," pseudoinverse used at 5.3657
"
"2","Warning in simpleLoess(y, x, w, span, degree = degree, parametric = parametric,  :"
"2","
 "
"2"," neighborhood radius 6.8685
"
"2","Warning in simpleLoess(y, x, w, span, degree = degree, parametric = parametric,  :"
"2","
 "
"2"," reciprocal condition number  0
"
"2","Warning in simpleLoess(y, x, w, span, degree = degree, parametric = parametric,  :"
"2","
 "
"2"," There are other near singularities as well. 1.2464
"
"2","Warning in predLoess(object$y, object$x, newx = if (is.null(newdata)) object$x else if (is.data.frame(newdata)) as.matrix(model.frame(delete.response(terms(object)),  :"
"2","
 "
"2"," pseudoinverse used at 5.3657
"
"2","Warning in predLoess(object$y, object$x, newx = if (is.null(newdata)) object$x else if (is.data.frame(newdata)) as.matrix(model.frame(delete.response(terms(object)),  :"
"2","
 "
"2"," neighborhood radius 6.8685
"
"2","Warning in predLoess(object$y, object$x, newx = if (is.null(newdata)) object$x else if (is.data.frame(newdata)) as.matrix(model.frame(delete.response(terms(object)),  :"
"2","
 "
"2"," reciprocal condition number  0
"
"2","Warning in predLoess(object$y, object$x, newx = if (is.null(newdata)) object$x else if (is.data.frame(newdata)) as.matrix(model.frame(delete.response(terms(object)),  :"
"2","
 "
"2"," There are other near singularities as well. 1.2464
"
"2","Warning in simpleLoess(y, x, w, span, degree = degree, parametric = parametric,  :"
"2","
 "
"2"," pseudoinverse used at 3.3536
"
"2","Warning in simpleLoess(y, x, w, span, degree = degree, parametric = parametric,  :"
"2","
 "
"2"," neighborhood radius 0.50582
"
"2","Warning in simpleLoess(y, x, w, span, degree = degree, parametric = parametric,  :"
"2","
 "
"2"," reciprocal condition number  0
"
"2","Warning in simpleLoess(y, x, w, span, degree = degree, parametric = parametric,  :"
"2","
 "
"2"," There are other near singularities as well. 13.012
"
"2","Warning in predLoess(object$y, object$x, newx = if (is.null(newdata)) object$x else if (is.data.frame(newdata)) as.matrix(model.frame(delete.response(terms(object)),  :"
"2","
 "
"2"," pseudoinverse used at 3.3536
"
"2","Warning in predLoess(object$y, object$x, newx = if (is.null(newdata)) object$x else if (is.data.frame(newdata)) as.matrix(model.frame(delete.response(terms(object)),  :"
"2","
 "
"2"," neighborhood radius 0.50582
"
"2","Warning in predLoess(object$y, object$x, newx = if (is.null(newdata)) object$x else if (is.data.frame(newdata)) as.matrix(model.frame(delete.response(terms(object)),  :"
"2","
 "
"2"," reciprocal condition number  0
"
"2","Warning in predLoess(object$y, object$x, newx = if (is.null(newdata)) object$x else if (is.data.frame(newdata)) as.matrix(model.frame(delete.response(terms(object)),  :"
"2","
 "
"2"," There are other near singularities as well. 13.012
"
"2","Warning in simpleLoess(y, x, w, span, degree = degree, parametric = parametric,  :"
"2","
 "
"2"," pseudoinverse used at 4.2539
"
"2","Warning in simpleLoess(y, x, w, span, degree = degree, parametric = parametric,  :"
"2","
 "
"2"," neighborhood radius 2.4544
"
"2","Warning in simpleLoess(y, x, w, span, degree = degree, parametric = parametric,  :"
"2","
 "
"2"," reciprocal condition number  0
"
"2","Warning in simpleLoess(y, x, w, span, degree = degree, parametric = parametric,  :"
"2","
 "
"2"," There are other near singularities as well. 177.02
"
"2","Warning in predLoess(object$y, object$x, newx = if (is.null(newdata)) object$x else if (is.data.frame(newdata)) as.matrix(model.frame(delete.response(terms(object)),  :"
"2","
 "
"2"," pseudoinverse used at 4.2539
"
"2","Warning in predLoess(object$y, object$x, newx = if (is.null(newdata)) object$x else if (is.data.frame(newdata)) as.matrix(model.frame(delete.response(terms(object)),  :"
"2","
 "
"2"," neighborhood radius 2.4544
"
"2","Warning in predLoess(object$y, object$x, newx = if (is.null(newdata)) object$x else if (is.data.frame(newdata)) as.matrix(model.frame(delete.response(terms(object)),  :"
"2","
 "
"2"," reciprocal condition number  0
"
"2","Warning in predLoess(object$y, object$x, newx = if (is.null(newdata)) object$x else if (is.data.frame(newdata)) as.matrix(model.frame(delete.response(terms(object)),  :"
"2","
 "
"2"," There are other near singularities as well. 177.02
"
"2","Warning in simpleLoess(y, x, w, span, degree = degree, parametric = parametric,  :"
"2","
 "
"2"," pseudoinverse used at 3.4022
"
"2","Warning in simpleLoess(y, x, w, span, degree = degree, parametric = parametric,  :"
"2","
 "
"2"," neighborhood radius 4.0842
"
"2","Warning in simpleLoess(y, x, w, span, degree = degree, parametric = parametric,  :"
"2","
 "
"2"," reciprocal condition number  0
"
"2","Warning in simpleLoess(y, x, w, span, degree = degree, parametric = parametric,  :"
"2","
 "
"2"," There are other near singularities as well. 34.944
"
"2","Warning in predLoess(object$y, object$x, newx = if (is.null(newdata)) object$x else if (is.data.frame(newdata)) as.matrix(model.frame(delete.response(terms(object)),  :"
"2","
 "
"2"," pseudoinverse used at 3.4022
"
"2","Warning in predLoess(object$y, object$x, newx = if (is.null(newdata)) object$x else if (is.data.frame(newdata)) as.matrix(model.frame(delete.response(terms(object)),  :"
"2","
 "
"2"," neighborhood radius 4.0842
"
"2","Warning in predLoess(object$y, object$x, newx = if (is.null(newdata)) object$x else if (is.data.frame(newdata)) as.matrix(model.frame(delete.response(terms(object)),  :"
"2","
 "
"2"," reciprocal condition number  0
"
"2","Warning in predLoess(object$y, object$x, newx = if (is.null(newdata)) object$x else if (is.data.frame(newdata)) as.matrix(model.frame(delete.response(terms(object)),  :"
"2","
 "
"2"," There are other near singularities as well. 34.944
"
"2","Warning in simpleLoess(y, x, w, span, degree = degree, parametric = parametric,  :"
"2","
 "
"2"," pseudoinverse used at 5.3657
"
"2","Warning in simpleLoess(y, x, w, span, degree = degree, parametric = parametric,  :"
"2","
 "
"2"," neighborhood radius 6.8685
"
"2","Warning in simpleLoess(y, x, w, span, degree = degree, parametric = parametric,  :"
"2","
 "
"2"," reciprocal condition number  0
"
"2","Warning in simpleLoess(y, x, w, span, degree = degree, parametric = parametric,  :"
"2","
 "
"2"," There are other near singularities as well. 1.2464
"
"2","Warning in predLoess(object$y, object$x, newx = if (is.null(newdata)) object$x else if (is.data.frame(newdata)) as.matrix(model.frame(delete.response(terms(object)),  :"
"2","
 "
"2"," pseudoinverse used at 5.3657
"
"2","Warning in predLoess(object$y, object$x, newx = if (is.null(newdata)) object$x else if (is.data.frame(newdata)) as.matrix(model.frame(delete.response(terms(object)),  :"
"2","
 "
"2"," neighborhood radius 6.8685
"
"2","Warning in predLoess(object$y, object$x, newx = if (is.null(newdata)) object$x else if (is.data.frame(newdata)) as.matrix(model.frame(delete.response(terms(object)),  :"
"2","
 "
"2"," reciprocal condition number  0
"
"2","Warning in predLoess(object$y, object$x, newx = if (is.null(newdata)) object$x else if (is.data.frame(newdata)) as.matrix(model.frame(delete.response(terms(object)),  :"
"2","
 "
"2"," There are other near singularities as well. 1.2464
"
