"0","ggplot(TotalCarbon, aes(x=`Area_m2`, y=`MgC/Ha`, color=SECTION)) + "
"0","    geom_point() +"
"0","  geom_smooth()+"
"0","  facet_grid(CarbonPool~SITE_ID, scales = ""free"")+"
"0","  theme_classic()"
"1","[38;5;252m`geom_smooth()` using method = 'loess' and formula = 'y ~ x'[39m
"
"2","Warning in simpleLoess(y, x, w, span, degree = degree, parametric = parametric,  :"
"2","
 "
"2"," pseudoinverse used at 1521.3
"
"2","Warning in simpleLoess(y, x, w, span, degree = degree, parametric = parametric,  :"
"2","
 "
"2"," neighborhood radius 395.79
"
"2","Warning in simpleLoess(y, x, w, span, degree = degree, parametric = parametric,  :"
"2","
 "
"2"," reciprocal condition number  0
"
"2","Warning in simpleLoess(y, x, w, span, degree = degree, parametric = parametric,  :"
"2","
 "
"2"," There are other near singularities as well. 6.2746e+06
"
"2","Warning in predLoess(object$y, object$x, newx = if (is.null(newdata)) object$x else if (is.data.frame(newdata)) as.matrix(model.frame(delete.response(terms(object)),  :"
"2","
 "
"2"," pseudoinverse used at 1521.3
"
"2","Warning in predLoess(object$y, object$x, newx = if (is.null(newdata)) object$x else if (is.data.frame(newdata)) as.matrix(model.frame(delete.response(terms(object)),  :"
"2","
 "
"2"," neighborhood radius 395.79
"
"2","Warning in predLoess(object$y, object$x, newx = if (is.null(newdata)) object$x else if (is.data.frame(newdata)) as.matrix(model.frame(delete.response(terms(object)),  :"
"2","
 "
"2"," reciprocal condition number  0
"
"2","Warning in predLoess(object$y, object$x, newx = if (is.null(newdata)) object$x else if (is.data.frame(newdata)) as.matrix(model.frame(delete.response(terms(object)),  :"
"2","
 "
"2"," There are other near singularities as well. 6.2746e+06
"
"2","Warning in simpleLoess(y, x, w, span, degree = degree, parametric = parametric,  :"
"2","
 "
"2"," pseudoinverse used at 1521.3
"
"2","Warning in simpleLoess(y, x, w, span, degree = degree, parametric = parametric,  :"
"2","
 "
"2"," neighborhood radius 395.79
"
"2","Warning in simpleLoess(y, x, w, span, degree = degree, parametric = parametric,  :"
"2","
 "
"2"," reciprocal condition number  0
"
"2","Warning in simpleLoess(y, x, w, span, degree = degree, parametric = parametric,  :"
"2","
 "
"2"," There are other near singularities as well. 6.2746e+06
"
"2","Warning in predLoess(object$y, object$x, newx = if (is.null(newdata)) object$x else if (is.data.frame(newdata)) as.matrix(model.frame(delete.response(terms(object)),  :"
"2","
 "
"2"," pseudoinverse used at 1521.3
"
"2","Warning in predLoess(object$y, object$x, newx = if (is.null(newdata)) object$x else if (is.data.frame(newdata)) as.matrix(model.frame(delete.response(terms(object)),  :"
"2","
 "
"2"," neighborhood radius 395.79
"
"2","Warning in predLoess(object$y, object$x, newx = if (is.null(newdata)) object$x else if (is.data.frame(newdata)) as.matrix(model.frame(delete.response(terms(object)),  :"
"2","
 "
"2"," reciprocal condition number  0
"
"2","Warning in predLoess(object$y, object$x, newx = if (is.null(newdata)) object$x else if (is.data.frame(newdata)) as.matrix(model.frame(delete.response(terms(object)),  :"
"2","
 "
"2"," There are other near singularities as well. 6.2746e+06
"
"2","Warning in simpleLoess(y, x, w, span, degree = degree, parametric = parametric,  :"
"2","
 "
"2"," pseudoinverse used at 2594.5
"
"2","Warning in simpleLoess(y, x, w, span, degree = degree, parametric = parametric,  :"
"2","
 "
"2"," neighborhood radius 1081.8
"
"2","Warning in simpleLoess(y, x, w, span, degree = degree, parametric = parametric,  :"
"2","
 "
"2"," reciprocal condition number  0
"
"2","Warning in simpleLoess(y, x, w, span, degree = degree, parametric = parametric,  :"
"2","
 "
"2"," There are other near singularities as well. 1.218e+08
"
"2","Warning in predLoess(object$y, object$x, newx = if (is.null(newdata)) object$x else if (is.data.frame(newdata)) as.matrix(model.frame(delete.response(terms(object)),  :"
"2","
 "
"2"," pseudoinverse used at 2594.5
"
"2","Warning in predLoess(object$y, object$x, newx = if (is.null(newdata)) object$x else if (is.data.frame(newdata)) as.matrix(model.frame(delete.response(terms(object)),  :"
"2","
 "
"2"," neighborhood radius 1081.8
"
"2","Warning in predLoess(object$y, object$x, newx = if (is.null(newdata)) object$x else if (is.data.frame(newdata)) as.matrix(model.frame(delete.response(terms(object)),  :"
"2","
 "
"2"," reciprocal condition number  0
"
"2","Warning in predLoess(object$y, object$x, newx = if (is.null(newdata)) object$x else if (is.data.frame(newdata)) as.matrix(model.frame(delete.response(terms(object)),  :"
"2","
 "
"2"," There are other near singularities as well. 1.218e+08
"
"2","Warning in simpleLoess(y, x, w, span, degree = degree, parametric = parametric,  :"
"2","
 "
"2"," pseudoinverse used at 2594.5
"
"2","Warning in simpleLoess(y, x, w, span, degree = degree, parametric = parametric,  :"
"2","
 "
"2"," neighborhood radius 1081.8
"
"2","Warning in simpleLoess(y, x, w, span, degree = degree, parametric = parametric,  :"
"2","
 "
"2"," reciprocal condition number  0
"
"2","Warning in simpleLoess(y, x, w, span, degree = degree, parametric = parametric,  :"
"2","
 "
"2"," There are other near singularities as well. 1.218e+08
"
"2","Warning in predLoess(object$y, object$x, newx = if (is.null(newdata)) object$x else if (is.data.frame(newdata)) as.matrix(model.frame(delete.response(terms(object)),  :"
"2","
 "
"2"," pseudoinverse used at 2594.5
"
"2","Warning in predLoess(object$y, object$x, newx = if (is.null(newdata)) object$x else if (is.data.frame(newdata)) as.matrix(model.frame(delete.response(terms(object)),  :"
"2","
 "
"2"," neighborhood radius 1081.8
"
"2","Warning in predLoess(object$y, object$x, newx = if (is.null(newdata)) object$x else if (is.data.frame(newdata)) as.matrix(model.frame(delete.response(terms(object)),  :"
"2","
 "
"2"," reciprocal condition number  0
"
"2","Warning in predLoess(object$y, object$x, newx = if (is.null(newdata)) object$x else if (is.data.frame(newdata)) as.matrix(model.frame(delete.response(terms(object)),  :"
"2","
 "
"2"," There are other near singularities as well. 1.218e+08
"
"2","Warning in simpleLoess(y, x, w, span, degree = degree, parametric = parametric,  :"
"2","
 "
"2"," pseudoinverse used at 683.06
"
"2","Warning in simpleLoess(y, x, w, span, degree = degree, parametric = parametric,  :"
"2","
 "
"2"," neighborhood radius 4500.9
"
"2","Warning in simpleLoess(y, x, w, span, degree = degree, parametric = parametric,  :"
"2","
 "
"2"," reciprocal condition number  0
"
"2","Warning in simpleLoess(y, x, w, span, degree = degree, parametric = parametric,  :"
"2","
 "
"2"," There are other near singularities as well. 1.0961e+08
"
"2","Warning in predLoess(object$y, object$x, newx = if (is.null(newdata)) object$x else if (is.data.frame(newdata)) as.matrix(model.frame(delete.response(terms(object)),  :"
"2","
 "
"2"," pseudoinverse used at 683.06
"
"2","Warning in predLoess(object$y, object$x, newx = if (is.null(newdata)) object$x else if (is.data.frame(newdata)) as.matrix(model.frame(delete.response(terms(object)),  :"
"2","
 "
"2"," neighborhood radius 4500.9
"
"2","Warning in predLoess(object$y, object$x, newx = if (is.null(newdata)) object$x else if (is.data.frame(newdata)) as.matrix(model.frame(delete.response(terms(object)),  :"
"2","
 "
"2"," reciprocal condition number  0
"
"2","Warning in predLoess(object$y, object$x, newx = if (is.null(newdata)) object$x else if (is.data.frame(newdata)) as.matrix(model.frame(delete.response(terms(object)),  :"
"2","
 "
"2"," There are other near singularities as well. 1.0961e+08
"
"2","Warning in simpleLoess(y, x, w, span, degree = degree, parametric = parametric,  :"
"2","
 "
"2"," pseudoinverse used at 683.06
"
"2","Warning in simpleLoess(y, x, w, span, degree = degree, parametric = parametric,  :"
"2","
 "
"2"," neighborhood radius 4500.9
"
"2","Warning in simpleLoess(y, x, w, span, degree = degree, parametric = parametric,  :"
"2","
 "
"2"," reciprocal condition number  0
"
"2","Warning in simpleLoess(y, x, w, span, degree = degree, parametric = parametric,  :"
"2","
 "
"2"," There are other near singularities as well. 1.0961e+08
"
"2","Warning in predLoess(object$y, object$x, newx = if (is.null(newdata)) object$x else if (is.data.frame(newdata)) as.matrix(model.frame(delete.response(terms(object)),  :"
"2","
 "
"2"," pseudoinverse used at 683.06
"
"2","Warning in predLoess(object$y, object$x, newx = if (is.null(newdata)) object$x else if (is.data.frame(newdata)) as.matrix(model.frame(delete.response(terms(object)),  :"
"2","
 "
"2"," neighborhood radius 4500.9
"
"2","Warning in predLoess(object$y, object$x, newx = if (is.null(newdata)) object$x else if (is.data.frame(newdata)) as.matrix(model.frame(delete.response(terms(object)),  :"
"2","
 "
"2"," reciprocal condition number  0
"
"2","Warning in predLoess(object$y, object$x, newx = if (is.null(newdata)) object$x else if (is.data.frame(newdata)) as.matrix(model.frame(delete.response(terms(object)),  :"
"2","
 "
"2"," There are other near singularities as well. 1.0961e+08
"
"2","Warning in simpleLoess(y, x, w, span, degree = degree, parametric = parametric,  :"
"2","
 "
"2"," pseudoinverse used at 1123.8
"
"2","Warning in simpleLoess(y, x, w, span, degree = degree, parametric = parametric,  :"
"2","
 "
"2"," neighborhood radius 8523.5
"
"2","Warning in simpleLoess(y, x, w, span, degree = degree, parametric = parametric,  :"
"2","
 "
"2"," reciprocal condition number  0
"
"2","Warning in simpleLoess(y, x, w, span, degree = degree, parametric = parametric,  :"
"2","
 "
"2"," There are other near singularities as well. 5.658e+07
"
"2","Warning in predLoess(object$y, object$x, newx = if (is.null(newdata)) object$x else if (is.data.frame(newdata)) as.matrix(model.frame(delete.response(terms(object)),  :"
"2","
 "
"2"," pseudoinverse used at 1123.8
"
"2","Warning in predLoess(object$y, object$x, newx = if (is.null(newdata)) object$x else if (is.data.frame(newdata)) as.matrix(model.frame(delete.response(terms(object)),  :"
"2","
 "
"2"," neighborhood radius 8523.5
"
"2","Warning in predLoess(object$y, object$x, newx = if (is.null(newdata)) object$x else if (is.data.frame(newdata)) as.matrix(model.frame(delete.response(terms(object)),  :"
"2","
 "
"2"," reciprocal condition number  0
"
"2","Warning in predLoess(object$y, object$x, newx = if (is.null(newdata)) object$x else if (is.data.frame(newdata)) as.matrix(model.frame(delete.response(terms(object)),  :"
"2","
 "
"2"," There are other near singularities as well. 5.658e+07
"
"2","Warning in simpleLoess(y, x, w, span, degree = degree, parametric = parametric,  :"
"2","
 "
"2"," pseudoinverse used at 1123.8
"
"2","Warning in simpleLoess(y, x, w, span, degree = degree, parametric = parametric,  :"
"2","
 "
"2"," neighborhood radius 8523.5
"
"2","Warning in simpleLoess(y, x, w, span, degree = degree, parametric = parametric,  :"
"2","
 "
"2"," reciprocal condition number  0
"
"2","Warning in simpleLoess(y, x, w, span, degree = degree, parametric = parametric,  :"
"2","
 "
"2"," There are other near singularities as well. 5.658e+07
"
"2","Warning in predLoess(object$y, object$x, newx = if (is.null(newdata)) object$x else if (is.data.frame(newdata)) as.matrix(model.frame(delete.response(terms(object)),  :"
"2","
 "
"2"," pseudoinverse used at 1123.8
"
"2","Warning in predLoess(object$y, object$x, newx = if (is.null(newdata)) object$x else if (is.data.frame(newdata)) as.matrix(model.frame(delete.response(terms(object)),  :"
"2","
 "
"2"," neighborhood radius 8523.5
"
"2","Warning in predLoess(object$y, object$x, newx = if (is.null(newdata)) object$x else if (is.data.frame(newdata)) as.matrix(model.frame(delete.response(terms(object)),  :"
"2","
 "
"2"," reciprocal condition number  0
"
"2","Warning in predLoess(object$y, object$x, newx = if (is.null(newdata)) object$x else if (is.data.frame(newdata)) as.matrix(model.frame(delete.response(terms(object)),  :"
"2","
 "
"2"," There are other near singularities as well. 5.658e+07
"
"2","Warning in simpleLoess(y, x, w, span, degree = degree, parametric = parametric,  :"
"2","
 "
"2"," pseudoinverse used at 1521.3
"
"2","Warning in simpleLoess(y, x, w, span, degree = degree, parametric = parametric,  :"
"2","
 "
"2"," neighborhood radius 395.79
"
"2","Warning in simpleLoess(y, x, w, span, degree = degree, parametric = parametric,  :"
"2","
 "
"2"," reciprocal condition number  0
"
"2","Warning in simpleLoess(y, x, w, span, degree = degree, parametric = parametric,  :"
"2","
 "
"2"," There are other near singularities as well. 6.2746e+06
"
"2","Warning in predLoess(object$y, object$x, newx = if (is.null(newdata)) object$x else if (is.data.frame(newdata)) as.matrix(model.frame(delete.response(terms(object)),  :"
"2","
 "
"2"," pseudoinverse used at 1521.3
"
"2","Warning in predLoess(object$y, object$x, newx = if (is.null(newdata)) object$x else if (is.data.frame(newdata)) as.matrix(model.frame(delete.response(terms(object)),  :"
"2","
 "
"2"," neighborhood radius 395.79
"
"2","Warning in predLoess(object$y, object$x, newx = if (is.null(newdata)) object$x else if (is.data.frame(newdata)) as.matrix(model.frame(delete.response(terms(object)),  :"
"2","
 "
"2"," reciprocal condition number  0
"
"2","Warning in predLoess(object$y, object$x, newx = if (is.null(newdata)) object$x else if (is.data.frame(newdata)) as.matrix(model.frame(delete.response(terms(object)),  :"
"2","
 "
"2"," There are other near singularities as well. 6.2746e+06
"
"2","Warning in simpleLoess(y, x, w, span, degree = degree, parametric = parametric,  :"
"2","
 "
"2"," pseudoinverse used at 1521.3
"
"2","Warning in simpleLoess(y, x, w, span, degree = degree, parametric = parametric,  :"
"2","
 "
"2"," neighborhood radius 395.79
"
"2","Warning in simpleLoess(y, x, w, span, degree = degree, parametric = parametric,  :"
"2","
 "
"2"," reciprocal condition number  0
"
"2","Warning in simpleLoess(y, x, w, span, degree = degree, parametric = parametric,  :"
"2","
 "
"2"," There are other near singularities as well. 6.2746e+06
"
"2","Warning in predLoess(object$y, object$x, newx = if (is.null(newdata)) object$x else if (is.data.frame(newdata)) as.matrix(model.frame(delete.response(terms(object)),  :"
"2","
 "
"2"," pseudoinverse used at 1521.3
"
"2","Warning in predLoess(object$y, object$x, newx = if (is.null(newdata)) object$x else if (is.data.frame(newdata)) as.matrix(model.frame(delete.response(terms(object)),  :"
"2","
 "
"2"," neighborhood radius 395.79
"
"2","Warning in predLoess(object$y, object$x, newx = if (is.null(newdata)) object$x else if (is.data.frame(newdata)) as.matrix(model.frame(delete.response(terms(object)),  :"
"2","
 "
"2"," reciprocal condition number  0
"
"2","Warning in predLoess(object$y, object$x, newx = if (is.null(newdata)) object$x else if (is.data.frame(newdata)) as.matrix(model.frame(delete.response(terms(object)),  :"
"2","
 "
"2"," There are other near singularities as well. 6.2746e+06
"
"2","Warning in simpleLoess(y, x, w, span, degree = degree, parametric = parametric,  :"
"2","
 "
"2"," pseudoinverse used at 2594.5
"
"2","Warning in simpleLoess(y, x, w, span, degree = degree, parametric = parametric,  :"
"2","
 "
"2"," neighborhood radius 1081.8
"
"2","Warning in simpleLoess(y, x, w, span, degree = degree, parametric = parametric,  :"
"2","
 "
"2"," reciprocal condition number  0
"
"2","Warning in simpleLoess(y, x, w, span, degree = degree, parametric = parametric,  :"
"2","
 "
"2"," There are other near singularities as well. 1.218e+08
"
"2","Warning in predLoess(object$y, object$x, newx = if (is.null(newdata)) object$x else if (is.data.frame(newdata)) as.matrix(model.frame(delete.response(terms(object)),  :"
"2","
 "
"2"," pseudoinverse used at 2594.5
"
"2","Warning in predLoess(object$y, object$x, newx = if (is.null(newdata)) object$x else if (is.data.frame(newdata)) as.matrix(model.frame(delete.response(terms(object)),  :"
"2","
 "
"2"," neighborhood radius 1081.8
"
"2","Warning in predLoess(object$y, object$x, newx = if (is.null(newdata)) object$x else if (is.data.frame(newdata)) as.matrix(model.frame(delete.response(terms(object)),  :"
"2","
 "
"2"," reciprocal condition number  0
"
"2","Warning in predLoess(object$y, object$x, newx = if (is.null(newdata)) object$x else if (is.data.frame(newdata)) as.matrix(model.frame(delete.response(terms(object)),  :"
"2","
 "
"2"," There are other near singularities as well. 1.218e+08
"
"2","Warning in simpleLoess(y, x, w, span, degree = degree, parametric = parametric,  :"
"2","
 "
"2"," pseudoinverse used at 2594.5
"
"2","Warning in simpleLoess(y, x, w, span, degree = degree, parametric = parametric,  :"
"2","
 "
"2"," neighborhood radius 1081.8
"
"2","Warning in simpleLoess(y, x, w, span, degree = degree, parametric = parametric,  :"
"2","
 "
"2"," reciprocal condition number  0
"
"2","Warning in simpleLoess(y, x, w, span, degree = degree, parametric = parametric,  :"
"2","
 "
"2"," There are other near singularities as well. 1.218e+08
"
"2","Warning in predLoess(object$y, object$x, newx = if (is.null(newdata)) object$x else if (is.data.frame(newdata)) as.matrix(model.frame(delete.response(terms(object)),  :"
"2","
 "
"2"," pseudoinverse used at 2594.5
"
"2","Warning in predLoess(object$y, object$x, newx = if (is.null(newdata)) object$x else if (is.data.frame(newdata)) as.matrix(model.frame(delete.response(terms(object)),  :"
"2","
 "
"2"," neighborhood radius 1081.8
"
"2","Warning in predLoess(object$y, object$x, newx = if (is.null(newdata)) object$x else if (is.data.frame(newdata)) as.matrix(model.frame(delete.response(terms(object)),  :"
"2","
 "
"2"," reciprocal condition number  0
"
"2","Warning in predLoess(object$y, object$x, newx = if (is.null(newdata)) object$x else if (is.data.frame(newdata)) as.matrix(model.frame(delete.response(terms(object)),  :"
"2","
 "
"2"," There are other near singularities as well. 1.218e+08
"
"2","Warning in simpleLoess(y, x, w, span, degree = degree, parametric = parametric,  :"
"2","
 "
"2"," pseudoinverse used at 683.06
"
"2","Warning in simpleLoess(y, x, w, span, degree = degree, parametric = parametric,  :"
"2","
 "
"2"," neighborhood radius 4500.9
"
"2","Warning in simpleLoess(y, x, w, span, degree = degree, parametric = parametric,  :"
"2","
 "
"2"," reciprocal condition number  0
"
"2","Warning in simpleLoess(y, x, w, span, degree = degree, parametric = parametric,  :"
"2","
 "
"2"," There are other near singularities as well. 1.0961e+08
"
"2","Warning in predLoess(object$y, object$x, newx = if (is.null(newdata)) object$x else if (is.data.frame(newdata)) as.matrix(model.frame(delete.response(terms(object)),  :"
"2","
 "
"2"," pseudoinverse used at 683.06
"
"2","Warning in predLoess(object$y, object$x, newx = if (is.null(newdata)) object$x else if (is.data.frame(newdata)) as.matrix(model.frame(delete.response(terms(object)),  :"
"2","
 "
"2"," neighborhood radius 4500.9
"
"2","Warning in predLoess(object$y, object$x, newx = if (is.null(newdata)) object$x else if (is.data.frame(newdata)) as.matrix(model.frame(delete.response(terms(object)),  :"
"2","
 "
"2"," reciprocal condition number  0
"
"2","Warning in predLoess(object$y, object$x, newx = if (is.null(newdata)) object$x else if (is.data.frame(newdata)) as.matrix(model.frame(delete.response(terms(object)),  :"
"2","
 "
"2"," There are other near singularities as well. 1.0961e+08
"
"2","Warning in simpleLoess(y, x, w, span, degree = degree, parametric = parametric,  :"
"2","
 "
"2"," pseudoinverse used at 683.06
"
"2","Warning in simpleLoess(y, x, w, span, degree = degree, parametric = parametric,  :"
"2","
 "
"2"," neighborhood radius 4500.9
"
"2","Warning in simpleLoess(y, x, w, span, degree = degree, parametric = parametric,  :"
"2","
 "
"2"," reciprocal condition number  0
"
"2","Warning in simpleLoess(y, x, w, span, degree = degree, parametric = parametric,  :"
"2","
 "
"2"," There are other near singularities as well. 1.0961e+08
"
"2","Warning in predLoess(object$y, object$x, newx = if (is.null(newdata)) object$x else if (is.data.frame(newdata)) as.matrix(model.frame(delete.response(terms(object)),  :"
"2","
 "
"2"," pseudoinverse used at 683.06
"
"2","Warning in predLoess(object$y, object$x, newx = if (is.null(newdata)) object$x else if (is.data.frame(newdata)) as.matrix(model.frame(delete.response(terms(object)),  :"
"2","
 "
"2"," neighborhood radius 4500.9
"
"2","Warning in predLoess(object$y, object$x, newx = if (is.null(newdata)) object$x else if (is.data.frame(newdata)) as.matrix(model.frame(delete.response(terms(object)),  :"
"2","
 "
"2"," reciprocal condition number  0
"
"2","Warning in predLoess(object$y, object$x, newx = if (is.null(newdata)) object$x else if (is.data.frame(newdata)) as.matrix(model.frame(delete.response(terms(object)),  :"
"2","
 "
"2"," There are other near singularities as well. 1.0961e+08
"
"2","Warning in simpleLoess(y, x, w, span, degree = degree, parametric = parametric,  :"
"2","
 "
"2"," pseudoinverse used at 1123.8
"
"2","Warning in simpleLoess(y, x, w, span, degree = degree, parametric = parametric,  :"
"2","
 "
"2"," neighborhood radius 8523.5
"
"2","Warning in simpleLoess(y, x, w, span, degree = degree, parametric = parametric,  :"
"2","
 "
"2"," reciprocal condition number  0
"
"2","Warning in simpleLoess(y, x, w, span, degree = degree, parametric = parametric,  :"
"2","
 "
"2"," There are other near singularities as well. 5.658e+07
"
"2","Warning in predLoess(object$y, object$x, newx = if (is.null(newdata)) object$x else if (is.data.frame(newdata)) as.matrix(model.frame(delete.response(terms(object)),  :"
"2","
 "
"2"," pseudoinverse used at 1123.8
"
"2","Warning in predLoess(object$y, object$x, newx = if (is.null(newdata)) object$x else if (is.data.frame(newdata)) as.matrix(model.frame(delete.response(terms(object)),  :"
"2","
 "
"2"," neighborhood radius 8523.5
"
"2","Warning in predLoess(object$y, object$x, newx = if (is.null(newdata)) object$x else if (is.data.frame(newdata)) as.matrix(model.frame(delete.response(terms(object)),  :"
"2","
 "
"2"," reciprocal condition number  0
"
"2","Warning in predLoess(object$y, object$x, newx = if (is.null(newdata)) object$x else if (is.data.frame(newdata)) as.matrix(model.frame(delete.response(terms(object)),  :"
"2","
 "
"2"," There are other near singularities as well. 5.658e+07
"
"2","Warning in simpleLoess(y, x, w, span, degree = degree, parametric = parametric,  :"
"2","
 "
"2"," pseudoinverse used at 1123.8
"
"2","Warning in simpleLoess(y, x, w, span, degree = degree, parametric = parametric,  :"
"2","
 "
"2"," neighborhood radius 8523.5
"
"2","Warning in simpleLoess(y, x, w, span, degree = degree, parametric = parametric,  :"
"2","
 "
"2"," reciprocal condition number  0
"
"2","Warning in simpleLoess(y, x, w, span, degree = degree, parametric = parametric,  :"
"2","
 "
"2"," There are other near singularities as well. 5.658e+07
"
"2","Warning in predLoess(object$y, object$x, newx = if (is.null(newdata)) object$x else if (is.data.frame(newdata)) as.matrix(model.frame(delete.response(terms(object)),  :"
"2","
 "
"2"," pseudoinverse used at 1123.8
"
"2","Warning in predLoess(object$y, object$x, newx = if (is.null(newdata)) object$x else if (is.data.frame(newdata)) as.matrix(model.frame(delete.response(terms(object)),  :"
"2","
 "
"2"," neighborhood radius 8523.5
"
"2","Warning in predLoess(object$y, object$x, newx = if (is.null(newdata)) object$x else if (is.data.frame(newdata)) as.matrix(model.frame(delete.response(terms(object)),  :"
"2","
 "
"2"," reciprocal condition number  0
"
"2","Warning in predLoess(object$y, object$x, newx = if (is.null(newdata)) object$x else if (is.data.frame(newdata)) as.matrix(model.frame(delete.response(terms(object)),  :"
"2","
 "
"2"," There are other near singularities as well. 5.658e+07
"
"2","Warning in simpleLoess(y, x, w, span, degree = degree, parametric = parametric,  :"
"2","
 "
"2"," pseudoinverse used at 1521.3
"
"2","Warning in simpleLoess(y, x, w, span, degree = degree, parametric = parametric,  :"
"2","
 "
"2"," neighborhood radius 395.79
"
"2","Warning in simpleLoess(y, x, w, span, degree = degree, parametric = parametric,  :"
"2","
 "
"2"," reciprocal condition number  0
"
"2","Warning in simpleLoess(y, x, w, span, degree = degree, parametric = parametric,  :"
"2","
 "
"2"," There are other near singularities as well. 6.2746e+06
"
"2","Warning in predLoess(object$y, object$x, newx = if (is.null(newdata)) object$x else if (is.data.frame(newdata)) as.matrix(model.frame(delete.response(terms(object)),  :"
"2","
 "
"2"," pseudoinverse used at 1521.3
"
"2","Warning in predLoess(object$y, object$x, newx = if (is.null(newdata)) object$x else if (is.data.frame(newdata)) as.matrix(model.frame(delete.response(terms(object)),  :"
"2","
 "
"2"," neighborhood radius 395.79
"
"2","Warning in predLoess(object$y, object$x, newx = if (is.null(newdata)) object$x else if (is.data.frame(newdata)) as.matrix(model.frame(delete.response(terms(object)),  :"
"2","
 "
"2"," reciprocal condition number  0
"
"2","Warning in predLoess(object$y, object$x, newx = if (is.null(newdata)) object$x else if (is.data.frame(newdata)) as.matrix(model.frame(delete.response(terms(object)),  :"
"2","
 "
"2"," There are other near singularities as well. 6.2746e+06
"
"2","Warning in simpleLoess(y, x, w, span, degree = degree, parametric = parametric,  :"
"2","
 "
"2"," pseudoinverse used at 1521.3
"
"2","Warning in simpleLoess(y, x, w, span, degree = degree, parametric = parametric,  :"
"2","
 "
"2"," neighborhood radius 395.79
"
"2","Warning in simpleLoess(y, x, w, span, degree = degree, parametric = parametric,  :"
"2","
 "
"2"," reciprocal condition number  0
"
"2","Warning in simpleLoess(y, x, w, span, degree = degree, parametric = parametric,  :"
"2","
 "
"2"," There are other near singularities as well. 6.2746e+06
"
"2","Warning in predLoess(object$y, object$x, newx = if (is.null(newdata)) object$x else if (is.data.frame(newdata)) as.matrix(model.frame(delete.response(terms(object)),  :"
"2","
 "
"2"," pseudoinverse used at 1521.3
"
"2","Warning in predLoess(object$y, object$x, newx = if (is.null(newdata)) object$x else if (is.data.frame(newdata)) as.matrix(model.frame(delete.response(terms(object)),  :"
"2","
 "
"2"," neighborhood radius 395.79
"
"2","Warning in predLoess(object$y, object$x, newx = if (is.null(newdata)) object$x else if (is.data.frame(newdata)) as.matrix(model.frame(delete.response(terms(object)),  :"
"2","
 "
"2"," reciprocal condition number  0
"
"2","Warning in predLoess(object$y, object$x, newx = if (is.null(newdata)) object$x else if (is.data.frame(newdata)) as.matrix(model.frame(delete.response(terms(object)),  :"
"2","
 "
"2"," There are other near singularities as well. 6.2746e+06
"
"2","Warning in simpleLoess(y, x, w, span, degree = degree, parametric = parametric,  :"
"2","
 "
"2"," pseudoinverse used at 2594.5
"
"2","Warning in simpleLoess(y, x, w, span, degree = degree, parametric = parametric,  :"
"2","
 "
"2"," neighborhood radius 1081.8
"
"2","Warning in simpleLoess(y, x, w, span, degree = degree, parametric = parametric,  :"
"2","
 "
"2"," reciprocal condition number  0
"
"2","Warning in simpleLoess(y, x, w, span, degree = degree, parametric = parametric,  :"
"2","
 "
"2"," There are other near singularities as well. 1.218e+08
"
"2","Warning in predLoess(object$y, object$x, newx = if (is.null(newdata)) object$x else if (is.data.frame(newdata)) as.matrix(model.frame(delete.response(terms(object)),  :"
"2","
 "
"2"," pseudoinverse used at 2594.5
"
"2","Warning in predLoess(object$y, object$x, newx = if (is.null(newdata)) object$x else if (is.data.frame(newdata)) as.matrix(model.frame(delete.response(terms(object)),  :"
"2","
 "
"2"," neighborhood radius 1081.8
"
"2","Warning in predLoess(object$y, object$x, newx = if (is.null(newdata)) object$x else if (is.data.frame(newdata)) as.matrix(model.frame(delete.response(terms(object)),  :"
"2","
 "
"2"," reciprocal condition number  0
"
"2","Warning in predLoess(object$y, object$x, newx = if (is.null(newdata)) object$x else if (is.data.frame(newdata)) as.matrix(model.frame(delete.response(terms(object)),  :"
"2","
 "
"2"," There are other near singularities as well. 1.218e+08
"
"2","Warning in simpleLoess(y, x, w, span, degree = degree, parametric = parametric,  :"
"2","
 "
"2"," pseudoinverse used at 2594.5
"
"2","Warning in simpleLoess(y, x, w, span, degree = degree, parametric = parametric,  :"
"2","
 "
"2"," neighborhood radius 1081.8
"
"2","Warning in simpleLoess(y, x, w, span, degree = degree, parametric = parametric,  :"
"2","
 "
"2"," reciprocal condition number  0
"
"2","Warning in simpleLoess(y, x, w, span, degree = degree, parametric = parametric,  :"
"2","
 "
"2"," There are other near singularities as well. 1.218e+08
"
"2","Warning in predLoess(object$y, object$x, newx = if (is.null(newdata)) object$x else if (is.data.frame(newdata)) as.matrix(model.frame(delete.response(terms(object)),  :"
"2","
 "
"2"," pseudoinverse used at 2594.5
"
"2","Warning in predLoess(object$y, object$x, newx = if (is.null(newdata)) object$x else if (is.data.frame(newdata)) as.matrix(model.frame(delete.response(terms(object)),  :"
"2","
 "
"2"," neighborhood radius 1081.8
"
"2","Warning in predLoess(object$y, object$x, newx = if (is.null(newdata)) object$x else if (is.data.frame(newdata)) as.matrix(model.frame(delete.response(terms(object)),  :"
"2","
 "
"2"," reciprocal condition number  0
"
"2","Warning in predLoess(object$y, object$x, newx = if (is.null(newdata)) object$x else if (is.data.frame(newdata)) as.matrix(model.frame(delete.response(terms(object)),  :"
"2","
 "
"2"," There are other near singularities as well. 1.218e+08
"
"2","Warning in simpleLoess(y, x, w, span, degree = degree, parametric = parametric,  :"
"2","
 "
"2"," pseudoinverse used at 683.06
"
"2","Warning in simpleLoess(y, x, w, span, degree = degree, parametric = parametric,  :"
"2","
 "
"2"," neighborhood radius 4500.9
"
"2","Warning in simpleLoess(y, x, w, span, degree = degree, parametric = parametric,  :"
"2","
 "
"2"," reciprocal condition number  0
"
"2","Warning in simpleLoess(y, x, w, span, degree = degree, parametric = parametric,  :"
"2","
 "
"2"," There are other near singularities as well. 1.0961e+08
"
"2","Warning in predLoess(object$y, object$x, newx = if (is.null(newdata)) object$x else if (is.data.frame(newdata)) as.matrix(model.frame(delete.response(terms(object)),  :"
"2","
 "
"2"," pseudoinverse used at 683.06
"
"2","Warning in predLoess(object$y, object$x, newx = if (is.null(newdata)) object$x else if (is.data.frame(newdata)) as.matrix(model.frame(delete.response(terms(object)),  :"
"2","
 "
"2"," neighborhood radius 4500.9
"
"2","Warning in predLoess(object$y, object$x, newx = if (is.null(newdata)) object$x else if (is.data.frame(newdata)) as.matrix(model.frame(delete.response(terms(object)),  :"
"2","
 "
"2"," reciprocal condition number  0
"
"2","Warning in predLoess(object$y, object$x, newx = if (is.null(newdata)) object$x else if (is.data.frame(newdata)) as.matrix(model.frame(delete.response(terms(object)),  :"
"2","
 "
"2"," There are other near singularities as well. 1.0961e+08
"
"2","Warning in simpleLoess(y, x, w, span, degree = degree, parametric = parametric,  :"
"2","
 "
"2"," pseudoinverse used at 683.06
"
"2","Warning in simpleLoess(y, x, w, span, degree = degree, parametric = parametric,  :"
"2","
 "
"2"," neighborhood radius 4500.9
"
"2","Warning in simpleLoess(y, x, w, span, degree = degree, parametric = parametric,  :"
"2","
 "
"2"," reciprocal condition number  0
"
"2","Warning in simpleLoess(y, x, w, span, degree = degree, parametric = parametric,  :"
"2","
 "
"2"," There are other near singularities as well. 1.0961e+08
"
"2","Warning in predLoess(object$y, object$x, newx = if (is.null(newdata)) object$x else if (is.data.frame(newdata)) as.matrix(model.frame(delete.response(terms(object)),  :"
"2","
 "
"2"," pseudoinverse used at 683.06
"
"2","Warning in predLoess(object$y, object$x, newx = if (is.null(newdata)) object$x else if (is.data.frame(newdata)) as.matrix(model.frame(delete.response(terms(object)),  :"
"2","
 "
"2"," neighborhood radius 4500.9
"
"2","Warning in predLoess(object$y, object$x, newx = if (is.null(newdata)) object$x else if (is.data.frame(newdata)) as.matrix(model.frame(delete.response(terms(object)),  :"
"2","
 "
"2"," reciprocal condition number  0
"
"2","Warning in predLoess(object$y, object$x, newx = if (is.null(newdata)) object$x else if (is.data.frame(newdata)) as.matrix(model.frame(delete.response(terms(object)),  :"
"2","
 "
"2"," There are other near singularities as well. 1.0961e+08
"
"2","Warning in simpleLoess(y, x, w, span, degree = degree, parametric = parametric,  :"
"2","
 "
"2"," pseudoinverse used at 1123.8
"
"2","Warning in simpleLoess(y, x, w, span, degree = degree, parametric = parametric,  :"
"2","
 "
"2"," neighborhood radius 8523.5
"
"2","Warning in simpleLoess(y, x, w, span, degree = degree, parametric = parametric,  :"
"2","
 "
"2"," reciprocal condition number  0
"
"2","Warning in simpleLoess(y, x, w, span, degree = degree, parametric = parametric,  :"
"2","
 "
"2"," There are other near singularities as well. 5.658e+07
"
"2","Warning in predLoess(object$y, object$x, newx = if (is.null(newdata)) object$x else if (is.data.frame(newdata)) as.matrix(model.frame(delete.response(terms(object)),  :"
"2","
 "
"2"," pseudoinverse used at 1123.8
"
"2","Warning in predLoess(object$y, object$x, newx = if (is.null(newdata)) object$x else if (is.data.frame(newdata)) as.matrix(model.frame(delete.response(terms(object)),  :"
"2","
 "
"2"," neighborhood radius 8523.5
"
"2","Warning in predLoess(object$y, object$x, newx = if (is.null(newdata)) object$x else if (is.data.frame(newdata)) as.matrix(model.frame(delete.response(terms(object)),  :"
"2","
 "
"2"," reciprocal condition number  0
"
"2","Warning in predLoess(object$y, object$x, newx = if (is.null(newdata)) object$x else if (is.data.frame(newdata)) as.matrix(model.frame(delete.response(terms(object)),  :"
"2","
 "
"2"," There are other near singularities as well. 5.658e+07
"
"2","Warning in simpleLoess(y, x, w, span, degree = degree, parametric = parametric,  :"
"2","
 "
"2"," pseudoinverse used at 1123.8
"
"2","Warning in simpleLoess(y, x, w, span, degree = degree, parametric = parametric,  :"
"2","
 "
"2"," neighborhood radius 8523.5
"
"2","Warning in simpleLoess(y, x, w, span, degree = degree, parametric = parametric,  :"
"2","
 "
"2"," reciprocal condition number  0
"
"2","Warning in simpleLoess(y, x, w, span, degree = degree, parametric = parametric,  :"
"2","
 "
"2"," There are other near singularities as well. 5.658e+07
"
"2","Warning in predLoess(object$y, object$x, newx = if (is.null(newdata)) object$x else if (is.data.frame(newdata)) as.matrix(model.frame(delete.response(terms(object)),  :"
"2","
 "
"2"," pseudoinverse used at 1123.8
"
"2","Warning in predLoess(object$y, object$x, newx = if (is.null(newdata)) object$x else if (is.data.frame(newdata)) as.matrix(model.frame(delete.response(terms(object)),  :"
"2","
 "
"2"," neighborhood radius 8523.5
"
"2","Warning in predLoess(object$y, object$x, newx = if (is.null(newdata)) object$x else if (is.data.frame(newdata)) as.matrix(model.frame(delete.response(terms(object)),  :"
"2","
 "
"2"," reciprocal condition number  0
"
"2","Warning in predLoess(object$y, object$x, newx = if (is.null(newdata)) object$x else if (is.data.frame(newdata)) as.matrix(model.frame(delete.response(terms(object)),  :"
"2","
 "
"2"," There are other near singularities as well. 5.658e+07
"
