"0","ggplot(BGBM, aes(x=`IsoperimetricInequality(Q)`, y=`g/m2`, color=Section)) + "
"0","    geom_point() +"
"0","  geom_smooth()+"
"0","  facet_grid( SampleType~ SITE_ID, scales = ""free"")+"
"0","    theme_classic()"
"1","[38;5;252m`geom_smooth()` using method = 'loess' and formula = 'y ~ x'[39m
"
"2","Warning in simpleLoess(y, x, w, span, degree = degree, parametric = parametric,  :"
"2","
 "
"2"," pseudoinverse used at 0.093118
"
"2","Warning in simpleLoess(y, x, w, span, degree = degree, parametric = parametric,  :"
"2","
 "
"2"," neighborhood radius 0.0067824
"
"2","Warning in simpleLoess(y, x, w, span, degree = degree, parametric = parametric,  :"
"2","
 "
"2"," reciprocal condition number  1.0133e-16
"
"2","Warning in simpleLoess(y, x, w, span, degree = degree, parametric = parametric,  :"
"2","
 "
"2"," There are other near singularities as well. 4.6e-05
"
"2","Warning in predLoess(object$y, object$x, newx = if (is.null(newdata)) object$x else if (is.data.frame(newdata)) as.matrix(model.frame(delete.response(terms(object)),  :"
"2","
 "
"2"," pseudoinverse used at 0.093118
"
"2","Warning in predLoess(object$y, object$x, newx = if (is.null(newdata)) object$x else if (is.data.frame(newdata)) as.matrix(model.frame(delete.response(terms(object)),  :"
"2","
 "
"2"," neighborhood radius 0.0067824
"
"2","Warning in predLoess(object$y, object$x, newx = if (is.null(newdata)) object$x else if (is.data.frame(newdata)) as.matrix(model.frame(delete.response(terms(object)),  :"
"2","
 "
"2"," reciprocal condition number  1.0133e-16
"
"2","Warning in predLoess(object$y, object$x, newx = if (is.null(newdata)) object$x else if (is.data.frame(newdata)) as.matrix(model.frame(delete.response(terms(object)),  :"
"2","
 "
"2"," There are other near singularities as well. 4.6e-05
"
"2","Warning in simpleLoess(y, x, w, span, degree = degree, parametric = parametric,  :"
"2","
 "
"2"," pseudoinverse used at 0.093118
"
"2","Warning in simpleLoess(y, x, w, span, degree = degree, parametric = parametric,  :"
"2","
 "
"2"," neighborhood radius 0.0067824
"
"2","Warning in simpleLoess(y, x, w, span, degree = degree, parametric = parametric,  :"
"2","
 "
"2"," reciprocal condition number  1.0133e-16
"
"2","Warning in simpleLoess(y, x, w, span, degree = degree, parametric = parametric,  :"
"2","
 "
"2"," There are other near singularities as well. 4.6e-05
"
"2","Warning in predLoess(object$y, object$x, newx = if (is.null(newdata)) object$x else if (is.data.frame(newdata)) as.matrix(model.frame(delete.response(terms(object)),  :"
"2","
 "
"2"," pseudoinverse used at 0.093118
"
"2","Warning in predLoess(object$y, object$x, newx = if (is.null(newdata)) object$x else if (is.data.frame(newdata)) as.matrix(model.frame(delete.response(terms(object)),  :"
"2","
 "
"2"," neighborhood radius 0.0067824
"
"2","Warning in predLoess(object$y, object$x, newx = if (is.null(newdata)) object$x else if (is.data.frame(newdata)) as.matrix(model.frame(delete.response(terms(object)),  :"
"2","
 "
"2"," reciprocal condition number  1.0133e-16
"
"2","Warning in predLoess(object$y, object$x, newx = if (is.null(newdata)) object$x else if (is.data.frame(newdata)) as.matrix(model.frame(delete.response(terms(object)),  :"
"2","
 "
"2"," There are other near singularities as well. 4.6e-05
"
"2","Warning in simpleLoess(y, x, w, span, degree = degree, parametric = parametric,  :"
"2","
 "
"2"," pseudoinverse used at 0.088512
"
"2","Warning in simpleLoess(y, x, w, span, degree = degree, parametric = parametric,  :"
"2","
 "
"2"," neighborhood radius 0.065312
"
"2","Warning in simpleLoess(y, x, w, span, degree = degree, parametric = parametric,  :"
"2","
 "
"2"," reciprocal condition number  1.2153e-16
"
"2","Warning in simpleLoess(y, x, w, span, degree = degree, parametric = parametric,  :"
"2","
 "
"2"," There are other near singularities as well. 0.0042657
"
"2","Warning in predLoess(object$y, object$x, newx = if (is.null(newdata)) object$x else if (is.data.frame(newdata)) as.matrix(model.frame(delete.response(terms(object)),  :"
"2","
 "
"2"," pseudoinverse used at 0.088512
"
"2","Warning in predLoess(object$y, object$x, newx = if (is.null(newdata)) object$x else if (is.data.frame(newdata)) as.matrix(model.frame(delete.response(terms(object)),  :"
"2","
 "
"2"," neighborhood radius 0.065312
"
"2","Warning in predLoess(object$y, object$x, newx = if (is.null(newdata)) object$x else if (is.data.frame(newdata)) as.matrix(model.frame(delete.response(terms(object)),  :"
"2","
 "
"2"," reciprocal condition number  1.2153e-16
"
"2","Warning in predLoess(object$y, object$x, newx = if (is.null(newdata)) object$x else if (is.data.frame(newdata)) as.matrix(model.frame(delete.response(terms(object)),  :"
"2","
 "
"2"," There are other near singularities as well. 0.0042657
"
"2","Warning in simpleLoess(y, x, w, span, degree = degree, parametric = parametric,  :"
"2","
 "
"2"," pseudoinverse used at 0.088512
"
"2","Warning in simpleLoess(y, x, w, span, degree = degree, parametric = parametric,  :"
"2","
 "
"2"," neighborhood radius 0.065312
"
"2","Warning in simpleLoess(y, x, w, span, degree = degree, parametric = parametric,  :"
"2","
 "
"2"," reciprocal condition number  1.2153e-16
"
"2","Warning in simpleLoess(y, x, w, span, degree = degree, parametric = parametric,  :"
"2","
 "
"2"," There are other near singularities as well. 0.0042657
"
"2","Warning in predLoess(object$y, object$x, newx = if (is.null(newdata)) object$x else if (is.data.frame(newdata)) as.matrix(model.frame(delete.response(terms(object)),  :"
"2","
 "
"2"," pseudoinverse used at 0.088512
"
"2","Warning in predLoess(object$y, object$x, newx = if (is.null(newdata)) object$x else if (is.data.frame(newdata)) as.matrix(model.frame(delete.response(terms(object)),  :"
"2","
 "
"2"," neighborhood radius 0.065312
"
"2","Warning in predLoess(object$y, object$x, newx = if (is.null(newdata)) object$x else if (is.data.frame(newdata)) as.matrix(model.frame(delete.response(terms(object)),  :"
"2","
 "
"2"," reciprocal condition number  1.2153e-16
"
"2","Warning in predLoess(object$y, object$x, newx = if (is.null(newdata)) object$x else if (is.data.frame(newdata)) as.matrix(model.frame(delete.response(terms(object)),  :"
"2","
 "
"2"," There are other near singularities as well. 0.0042657
"
"2","Warning in simpleLoess(y, x, w, span, degree = degree, parametric = parametric,  :"
"2","
 "
"2"," pseudoinverse used at 0.11589
"
"2","Warning in simpleLoess(y, x, w, span, degree = degree, parametric = parametric,  :"
"2","
 "
"2"," neighborhood radius 0.081848
"
"2","Warning in simpleLoess(y, x, w, span, degree = degree, parametric = parametric,  :"
"2","
 "
"2"," reciprocal condition number  7.8715e-17
"
"2","Warning in simpleLoess(y, x, w, span, degree = degree, parametric = parametric,  :"
"2","
 "
"2"," There are other near singularities as well. 0.0066991
"
"2","Warning in predLoess(object$y, object$x, newx = if (is.null(newdata)) object$x else if (is.data.frame(newdata)) as.matrix(model.frame(delete.response(terms(object)),  :"
"2","
 "
"2"," pseudoinverse used at 0.11589
"
"2","Warning in predLoess(object$y, object$x, newx = if (is.null(newdata)) object$x else if (is.data.frame(newdata)) as.matrix(model.frame(delete.response(terms(object)),  :"
"2","
 "
"2"," neighborhood radius 0.081848
"
"2","Warning in predLoess(object$y, object$x, newx = if (is.null(newdata)) object$x else if (is.data.frame(newdata)) as.matrix(model.frame(delete.response(terms(object)),  :"
"2","
 "
"2"," reciprocal condition number  7.8715e-17
"
"2","Warning in predLoess(object$y, object$x, newx = if (is.null(newdata)) object$x else if (is.data.frame(newdata)) as.matrix(model.frame(delete.response(terms(object)),  :"
"2","
 "
"2"," There are other near singularities as well. 0.0066991
"
"2","Warning in simpleLoess(y, x, w, span, degree = degree, parametric = parametric,  :"
"2","
 "
"2"," pseudoinverse used at 0.11589
"
"2","Warning in simpleLoess(y, x, w, span, degree = degree, parametric = parametric,  :"
"2","
 "
"2"," neighborhood radius 0.081848
"
"2","Warning in simpleLoess(y, x, w, span, degree = degree, parametric = parametric,  :"
"2","
 "
"2"," reciprocal condition number  7.8715e-17
"
"2","Warning in simpleLoess(y, x, w, span, degree = degree, parametric = parametric,  :"
"2","
 "
"2"," There are other near singularities as well. 0.0066991
"
"2","Warning in predLoess(object$y, object$x, newx = if (is.null(newdata)) object$x else if (is.data.frame(newdata)) as.matrix(model.frame(delete.response(terms(object)),  :"
"2","
 "
"2"," pseudoinverse used at 0.11589
"
"2","Warning in predLoess(object$y, object$x, newx = if (is.null(newdata)) object$x else if (is.data.frame(newdata)) as.matrix(model.frame(delete.response(terms(object)),  :"
"2","
 "
"2"," neighborhood radius 0.081848
"
"2","Warning in predLoess(object$y, object$x, newx = if (is.null(newdata)) object$x else if (is.data.frame(newdata)) as.matrix(model.frame(delete.response(terms(object)),  :"
"2","
 "
"2"," reciprocal condition number  7.8715e-17
"
"2","Warning in predLoess(object$y, object$x, newx = if (is.null(newdata)) object$x else if (is.data.frame(newdata)) as.matrix(model.frame(delete.response(terms(object)),  :"
"2","
 "
"2"," There are other near singularities as well. 0.0066991
"
"2","Warning in simpleLoess(y, x, w, span, degree = degree, parametric = parametric,  :"
"2","
 "
"2"," pseudoinverse used at 0.12941
"
"2","Warning in simpleLoess(y, x, w, span, degree = degree, parametric = parametric,  :"
"2","
 "
"2"," neighborhood radius 0.17571
"
"2","Warning in simpleLoess(y, x, w, span, degree = degree, parametric = parametric,  :"
"2","
 "
"2"," reciprocal condition number  1.0795e-16
"
"2","Warning in simpleLoess(y, x, w, span, degree = degree, parametric = parametric,  :"
"2","
 "
"2"," There are other near singularities as well. 0.030875
"
"2","Warning in predLoess(object$y, object$x, newx = if (is.null(newdata)) object$x else if (is.data.frame(newdata)) as.matrix(model.frame(delete.response(terms(object)),  :"
"2","
 "
"2"," pseudoinverse used at 0.12941
"
"2","Warning in predLoess(object$y, object$x, newx = if (is.null(newdata)) object$x else if (is.data.frame(newdata)) as.matrix(model.frame(delete.response(terms(object)),  :"
"2","
 "
"2"," neighborhood radius 0.17571
"
"2","Warning in predLoess(object$y, object$x, newx = if (is.null(newdata)) object$x else if (is.data.frame(newdata)) as.matrix(model.frame(delete.response(terms(object)),  :"
"2","
 "
"2"," reciprocal condition number  1.0795e-16
"
"2","Warning in predLoess(object$y, object$x, newx = if (is.null(newdata)) object$x else if (is.data.frame(newdata)) as.matrix(model.frame(delete.response(terms(object)),  :"
"2","
 "
"2"," There are other near singularities as well. 0.030875
"
"2","Warning in simpleLoess(y, x, w, span, degree = degree, parametric = parametric,  :"
"2","
 "
"2"," pseudoinverse used at 0.12941
"
"2","Warning in simpleLoess(y, x, w, span, degree = degree, parametric = parametric,  :"
"2","
 "
"2"," neighborhood radius 0.17571
"
"2","Warning in simpleLoess(y, x, w, span, degree = degree, parametric = parametric,  :"
"2","
 "
"2"," reciprocal condition number  1.0795e-16
"
"2","Warning in simpleLoess(y, x, w, span, degree = degree, parametric = parametric,  :"
"2","
 "
"2"," There are other near singularities as well. 0.030875
"
"2","Warning in predLoess(object$y, object$x, newx = if (is.null(newdata)) object$x else if (is.data.frame(newdata)) as.matrix(model.frame(delete.response(terms(object)),  :"
"2","
 "
"2"," pseudoinverse used at 0.12941
"
"2","Warning in predLoess(object$y, object$x, newx = if (is.null(newdata)) object$x else if (is.data.frame(newdata)) as.matrix(model.frame(delete.response(terms(object)),  :"
"2","
 "
"2"," neighborhood radius 0.17571
"
"2","Warning in predLoess(object$y, object$x, newx = if (is.null(newdata)) object$x else if (is.data.frame(newdata)) as.matrix(model.frame(delete.response(terms(object)),  :"
"2","
 "
"2"," reciprocal condition number  1.0795e-16
"
"2","Warning in predLoess(object$y, object$x, newx = if (is.null(newdata)) object$x else if (is.data.frame(newdata)) as.matrix(model.frame(delete.response(terms(object)),  :"
"2","
 "
"2"," There are other near singularities as well. 0.030875
"
"2","Warning in simpleLoess(y, x, w, span, degree = degree, parametric = parametric,  :"
"2","
 "
"2"," pseudoinverse used at 0.093118
"
"2","Warning in simpleLoess(y, x, w, span, degree = degree, parametric = parametric,  :"
"2","
 "
"2"," neighborhood radius 0.0067824
"
"2","Warning in simpleLoess(y, x, w, span, degree = degree, parametric = parametric,  :"
"2","
 "
"2"," reciprocal condition number  1.0133e-16
"
"2","Warning in simpleLoess(y, x, w, span, degree = degree, parametric = parametric,  :"
"2","
 "
"2"," There are other near singularities as well. 4.6e-05
"
"2","Warning in predLoess(object$y, object$x, newx = if (is.null(newdata)) object$x else if (is.data.frame(newdata)) as.matrix(model.frame(delete.response(terms(object)),  :"
"2","
 "
"2"," pseudoinverse used at 0.093118
"
"2","Warning in predLoess(object$y, object$x, newx = if (is.null(newdata)) object$x else if (is.data.frame(newdata)) as.matrix(model.frame(delete.response(terms(object)),  :"
"2","
 "
"2"," neighborhood radius 0.0067824
"
"2","Warning in predLoess(object$y, object$x, newx = if (is.null(newdata)) object$x else if (is.data.frame(newdata)) as.matrix(model.frame(delete.response(terms(object)),  :"
"2","
 "
"2"," reciprocal condition number  1.0133e-16
"
"2","Warning in predLoess(object$y, object$x, newx = if (is.null(newdata)) object$x else if (is.data.frame(newdata)) as.matrix(model.frame(delete.response(terms(object)),  :"
"2","
 "
"2"," There are other near singularities as well. 4.6e-05
"
"2","Warning in simpleLoess(y, x, w, span, degree = degree, parametric = parametric,  :"
"2","
 "
"2"," pseudoinverse used at 0.093118
"
"2","Warning in simpleLoess(y, x, w, span, degree = degree, parametric = parametric,  :"
"2","
 "
"2"," neighborhood radius 0.0067824
"
"2","Warning in simpleLoess(y, x, w, span, degree = degree, parametric = parametric,  :"
"2","
 "
"2"," reciprocal condition number  1.0133e-16
"
"2","Warning in simpleLoess(y, x, w, span, degree = degree, parametric = parametric,  :"
"2","
 "
"2"," There are other near singularities as well. 4.6e-05
"
"2","Warning in predLoess(object$y, object$x, newx = if (is.null(newdata)) object$x else if (is.data.frame(newdata)) as.matrix(model.frame(delete.response(terms(object)),  :"
"2","
 "
"2"," pseudoinverse used at 0.093118
"
"2","Warning in predLoess(object$y, object$x, newx = if (is.null(newdata)) object$x else if (is.data.frame(newdata)) as.matrix(model.frame(delete.response(terms(object)),  :"
"2","
 "
"2"," neighborhood radius 0.0067824
"
"2","Warning in predLoess(object$y, object$x, newx = if (is.null(newdata)) object$x else if (is.data.frame(newdata)) as.matrix(model.frame(delete.response(terms(object)),  :"
"2","
 "
"2"," reciprocal condition number  1.0133e-16
"
"2","Warning in predLoess(object$y, object$x, newx = if (is.null(newdata)) object$x else if (is.data.frame(newdata)) as.matrix(model.frame(delete.response(terms(object)),  :"
"2","
 "
"2"," There are other near singularities as well. 4.6e-05
"
"2","Warning in simpleLoess(y, x, w, span, degree = degree, parametric = parametric,  :"
"2","
 "
"2"," pseudoinverse used at 0.088512
"
"2","Warning in simpleLoess(y, x, w, span, degree = degree, parametric = parametric,  :"
"2","
 "
"2"," neighborhood radius 0.065312
"
"2","Warning in simpleLoess(y, x, w, span, degree = degree, parametric = parametric,  :"
"2","
 "
"2"," reciprocal condition number  1.2153e-16
"
"2","Warning in simpleLoess(y, x, w, span, degree = degree, parametric = parametric,  :"
"2","
 "
"2"," There are other near singularities as well. 0.0042657
"
"2","Warning in predLoess(object$y, object$x, newx = if (is.null(newdata)) object$x else if (is.data.frame(newdata)) as.matrix(model.frame(delete.response(terms(object)),  :"
"2","
 "
"2"," pseudoinverse used at 0.088512
"
"2","Warning in predLoess(object$y, object$x, newx = if (is.null(newdata)) object$x else if (is.data.frame(newdata)) as.matrix(model.frame(delete.response(terms(object)),  :"
"2","
 "
"2"," neighborhood radius 0.065312
"
"2","Warning in predLoess(object$y, object$x, newx = if (is.null(newdata)) object$x else if (is.data.frame(newdata)) as.matrix(model.frame(delete.response(terms(object)),  :"
"2","
 "
"2"," reciprocal condition number  1.2153e-16
"
"2","Warning in predLoess(object$y, object$x, newx = if (is.null(newdata)) object$x else if (is.data.frame(newdata)) as.matrix(model.frame(delete.response(terms(object)),  :"
"2","
 "
"2"," There are other near singularities as well. 0.0042657
"
"2","Warning in simpleLoess(y, x, w, span, degree = degree, parametric = parametric,  :"
"2","
 "
"2"," pseudoinverse used at 0.088512
"
"2","Warning in simpleLoess(y, x, w, span, degree = degree, parametric = parametric,  :"
"2","
 "
"2"," neighborhood radius 0.065312
"
"2","Warning in simpleLoess(y, x, w, span, degree = degree, parametric = parametric,  :"
"2","
 "
"2"," reciprocal condition number  1.2153e-16
"
"2","Warning in simpleLoess(y, x, w, span, degree = degree, parametric = parametric,  :"
"2","
 "
"2"," There are other near singularities as well. 0.0042657
"
"2","Warning in predLoess(object$y, object$x, newx = if (is.null(newdata)) object$x else if (is.data.frame(newdata)) as.matrix(model.frame(delete.response(terms(object)),  :"
"2","
 "
"2"," pseudoinverse used at 0.088512
"
"2","Warning in predLoess(object$y, object$x, newx = if (is.null(newdata)) object$x else if (is.data.frame(newdata)) as.matrix(model.frame(delete.response(terms(object)),  :"
"2","
 "
"2"," neighborhood radius 0.065312
"
"2","Warning in predLoess(object$y, object$x, newx = if (is.null(newdata)) object$x else if (is.data.frame(newdata)) as.matrix(model.frame(delete.response(terms(object)),  :"
"2","
 "
"2"," reciprocal condition number  1.2153e-16
"
"2","Warning in predLoess(object$y, object$x, newx = if (is.null(newdata)) object$x else if (is.data.frame(newdata)) as.matrix(model.frame(delete.response(terms(object)),  :"
"2","
 "
"2"," There are other near singularities as well. 0.0042657
"
"2","Warning in simpleLoess(y, x, w, span, degree = degree, parametric = parametric,  :"
"2","
 "
"2"," pseudoinverse used at 0.11589
"
"2","Warning in simpleLoess(y, x, w, span, degree = degree, parametric = parametric,  :"
"2","
 "
"2"," neighborhood radius 0.081848
"
"2","Warning in simpleLoess(y, x, w, span, degree = degree, parametric = parametric,  :"
"2","
 "
"2"," reciprocal condition number  7.8715e-17
"
"2","Warning in simpleLoess(y, x, w, span, degree = degree, parametric = parametric,  :"
"2","
 "
"2"," There are other near singularities as well. 0.0066991
"
"2","Warning in predLoess(object$y, object$x, newx = if (is.null(newdata)) object$x else if (is.data.frame(newdata)) as.matrix(model.frame(delete.response(terms(object)),  :"
"2","
 "
"2"," pseudoinverse used at 0.11589
"
"2","Warning in predLoess(object$y, object$x, newx = if (is.null(newdata)) object$x else if (is.data.frame(newdata)) as.matrix(model.frame(delete.response(terms(object)),  :"
"2","
 "
"2"," neighborhood radius 0.081848
"
"2","Warning in predLoess(object$y, object$x, newx = if (is.null(newdata)) object$x else if (is.data.frame(newdata)) as.matrix(model.frame(delete.response(terms(object)),  :"
"2","
 "
"2"," reciprocal condition number  7.8715e-17
"
"2","Warning in predLoess(object$y, object$x, newx = if (is.null(newdata)) object$x else if (is.data.frame(newdata)) as.matrix(model.frame(delete.response(terms(object)),  :"
"2","
 "
"2"," There are other near singularities as well. 0.0066991
"
"2","Warning in simpleLoess(y, x, w, span, degree = degree, parametric = parametric,  :"
"2","
 "
"2"," pseudoinverse used at 0.11589
"
"2","Warning in simpleLoess(y, x, w, span, degree = degree, parametric = parametric,  :"
"2","
 "
"2"," neighborhood radius 0.081848
"
"2","Warning in simpleLoess(y, x, w, span, degree = degree, parametric = parametric,  :"
"2","
 "
"2"," reciprocal condition number  7.8715e-17
"
"2","Warning in simpleLoess(y, x, w, span, degree = degree, parametric = parametric,  :"
"2","
 "
"2"," There are other near singularities as well. 0.0066991
"
"2","Warning in predLoess(object$y, object$x, newx = if (is.null(newdata)) object$x else if (is.data.frame(newdata)) as.matrix(model.frame(delete.response(terms(object)),  :"
"2","
 "
"2"," pseudoinverse used at 0.11589
"
"2","Warning in predLoess(object$y, object$x, newx = if (is.null(newdata)) object$x else if (is.data.frame(newdata)) as.matrix(model.frame(delete.response(terms(object)),  :"
"2","
 "
"2"," neighborhood radius 0.081848
"
"2","Warning in predLoess(object$y, object$x, newx = if (is.null(newdata)) object$x else if (is.data.frame(newdata)) as.matrix(model.frame(delete.response(terms(object)),  :"
"2","
 "
"2"," reciprocal condition number  7.8715e-17
"
"2","Warning in predLoess(object$y, object$x, newx = if (is.null(newdata)) object$x else if (is.data.frame(newdata)) as.matrix(model.frame(delete.response(terms(object)),  :"
"2","
 "
"2"," There are other near singularities as well. 0.0066991
"
"2","Warning in simpleLoess(y, x, w, span, degree = degree, parametric = parametric,  :"
"2","
 "
"2"," pseudoinverse used at 0.12941
"
"2","Warning in simpleLoess(y, x, w, span, degree = degree, parametric = parametric,  :"
"2","
 "
"2"," neighborhood radius 0.17571
"
"2","Warning in simpleLoess(y, x, w, span, degree = degree, parametric = parametric,  :"
"2","
 "
"2"," reciprocal condition number  1.0795e-16
"
"2","Warning in simpleLoess(y, x, w, span, degree = degree, parametric = parametric,  :"
"2","
 "
"2"," There are other near singularities as well. 0.030875
"
"2","Warning in predLoess(object$y, object$x, newx = if (is.null(newdata)) object$x else if (is.data.frame(newdata)) as.matrix(model.frame(delete.response(terms(object)),  :"
"2","
 "
"2"," pseudoinverse used at 0.12941
"
"2","Warning in predLoess(object$y, object$x, newx = if (is.null(newdata)) object$x else if (is.data.frame(newdata)) as.matrix(model.frame(delete.response(terms(object)),  :"
"2","
 "
"2"," neighborhood radius 0.17571
"
"2","Warning in predLoess(object$y, object$x, newx = if (is.null(newdata)) object$x else if (is.data.frame(newdata)) as.matrix(model.frame(delete.response(terms(object)),  :"
"2","
 "
"2"," reciprocal condition number  1.0795e-16
"
"2","Warning in predLoess(object$y, object$x, newx = if (is.null(newdata)) object$x else if (is.data.frame(newdata)) as.matrix(model.frame(delete.response(terms(object)),  :"
"2","
 "
"2"," There are other near singularities as well. 0.030875
"
"2","Warning in simpleLoess(y, x, w, span, degree = degree, parametric = parametric,  :"
"2","
 "
"2"," pseudoinverse used at 0.12941
"
"2","Warning in simpleLoess(y, x, w, span, degree = degree, parametric = parametric,  :"
"2","
 "
"2"," neighborhood radius 0.17571
"
"2","Warning in simpleLoess(y, x, w, span, degree = degree, parametric = parametric,  :"
"2","
 "
"2"," reciprocal condition number  1.0795e-16
"
"2","Warning in simpleLoess(y, x, w, span, degree = degree, parametric = parametric,  :"
"2","
 "
"2"," There are other near singularities as well. 0.030875
"
"2","Warning in predLoess(object$y, object$x, newx = if (is.null(newdata)) object$x else if (is.data.frame(newdata)) as.matrix(model.frame(delete.response(terms(object)),  :"
"2","
 "
"2"," pseudoinverse used at 0.12941
"
"2","Warning in predLoess(object$y, object$x, newx = if (is.null(newdata)) object$x else if (is.data.frame(newdata)) as.matrix(model.frame(delete.response(terms(object)),  :"
"2","
 "
"2"," neighborhood radius 0.17571
"
"2","Warning in predLoess(object$y, object$x, newx = if (is.null(newdata)) object$x else if (is.data.frame(newdata)) as.matrix(model.frame(delete.response(terms(object)),  :"
"2","
 "
"2"," reciprocal condition number  1.0795e-16
"
"2","Warning in predLoess(object$y, object$x, newx = if (is.null(newdata)) object$x else if (is.data.frame(newdata)) as.matrix(model.frame(delete.response(terms(object)),  :"
"2","
 "
"2"," There are other near singularities as well. 0.030875
"
"2","Warning in simpleLoess(y, x, w, span, degree = degree, parametric = parametric,  :"
"2","
 "
"2"," pseudoinverse used at 0.093118
"
"2","Warning in simpleLoess(y, x, w, span, degree = degree, parametric = parametric,  :"
"2","
 "
"2"," neighborhood radius 0.0067824
"
"2","Warning in simpleLoess(y, x, w, span, degree = degree, parametric = parametric,  :"
"2","
 "
"2"," reciprocal condition number  1.0133e-16
"
"2","Warning in simpleLoess(y, x, w, span, degree = degree, parametric = parametric,  :"
"2","
 "
"2"," There are other near singularities as well. 4.6e-05
"
"2","Warning in predLoess(object$y, object$x, newx = if (is.null(newdata)) object$x else if (is.data.frame(newdata)) as.matrix(model.frame(delete.response(terms(object)),  :"
"2","
 "
"2"," pseudoinverse used at 0.093118
"
"2","Warning in predLoess(object$y, object$x, newx = if (is.null(newdata)) object$x else if (is.data.frame(newdata)) as.matrix(model.frame(delete.response(terms(object)),  :"
"2","
 "
"2"," neighborhood radius 0.0067824
"
"2","Warning in predLoess(object$y, object$x, newx = if (is.null(newdata)) object$x else if (is.data.frame(newdata)) as.matrix(model.frame(delete.response(terms(object)),  :"
"2","
 "
"2"," reciprocal condition number  1.0133e-16
"
"2","Warning in predLoess(object$y, object$x, newx = if (is.null(newdata)) object$x else if (is.data.frame(newdata)) as.matrix(model.frame(delete.response(terms(object)),  :"
"2","
 "
"2"," There are other near singularities as well. 4.6e-05
"
"2","Warning in simpleLoess(y, x, w, span, degree = degree, parametric = parametric,  :"
"2","
 "
"2"," pseudoinverse used at 0.093118
"
"2","Warning in simpleLoess(y, x, w, span, degree = degree, parametric = parametric,  :"
"2","
 "
"2"," neighborhood radius 0.0067824
"
"2","Warning in simpleLoess(y, x, w, span, degree = degree, parametric = parametric,  :"
"2","
 "
"2"," reciprocal condition number  1.0133e-16
"
"2","Warning in simpleLoess(y, x, w, span, degree = degree, parametric = parametric,  :"
"2","
 "
"2"," There are other near singularities as well. 4.6e-05
"
"2","Warning in predLoess(object$y, object$x, newx = if (is.null(newdata)) object$x else if (is.data.frame(newdata)) as.matrix(model.frame(delete.response(terms(object)),  :"
"2","
 "
"2"," pseudoinverse used at 0.093118
"
"2","Warning in predLoess(object$y, object$x, newx = if (is.null(newdata)) object$x else if (is.data.frame(newdata)) as.matrix(model.frame(delete.response(terms(object)),  :"
"2","
 "
"2"," neighborhood radius 0.0067824
"
"2","Warning in predLoess(object$y, object$x, newx = if (is.null(newdata)) object$x else if (is.data.frame(newdata)) as.matrix(model.frame(delete.response(terms(object)),  :"
"2","
 "
"2"," reciprocal condition number  1.0133e-16
"
"2","Warning in predLoess(object$y, object$x, newx = if (is.null(newdata)) object$x else if (is.data.frame(newdata)) as.matrix(model.frame(delete.response(terms(object)),  :"
"2","
 "
"2"," There are other near singularities as well. 4.6e-05
"
"2","Warning in simpleLoess(y, x, w, span, degree = degree, parametric = parametric,  :"
"2","
 "
"2"," pseudoinverse used at 0.088512
"
"2","Warning in simpleLoess(y, x, w, span, degree = degree, parametric = parametric,  :"
"2","
 "
"2"," neighborhood radius 0.065312
"
"2","Warning in simpleLoess(y, x, w, span, degree = degree, parametric = parametric,  :"
"2","
 "
"2"," reciprocal condition number  1.2153e-16
"
"2","Warning in simpleLoess(y, x, w, span, degree = degree, parametric = parametric,  :"
"2","
 "
"2"," There are other near singularities as well. 0.0042657
"
"2","Warning in predLoess(object$y, object$x, newx = if (is.null(newdata)) object$x else if (is.data.frame(newdata)) as.matrix(model.frame(delete.response(terms(object)),  :"
"2","
 "
"2"," pseudoinverse used at 0.088512
"
"2","Warning in predLoess(object$y, object$x, newx = if (is.null(newdata)) object$x else if (is.data.frame(newdata)) as.matrix(model.frame(delete.response(terms(object)),  :"
"2","
 "
"2"," neighborhood radius 0.065312
"
"2","Warning in predLoess(object$y, object$x, newx = if (is.null(newdata)) object$x else if (is.data.frame(newdata)) as.matrix(model.frame(delete.response(terms(object)),  :"
"2","
 "
"2"," reciprocal condition number  1.2153e-16
"
"2","Warning in predLoess(object$y, object$x, newx = if (is.null(newdata)) object$x else if (is.data.frame(newdata)) as.matrix(model.frame(delete.response(terms(object)),  :"
"2","
 "
"2"," There are other near singularities as well. 0.0042657
"
"2","Warning in simpleLoess(y, x, w, span, degree = degree, parametric = parametric,  :"
"2","
 "
"2"," pseudoinverse used at 0.088512
"
"2","Warning in simpleLoess(y, x, w, span, degree = degree, parametric = parametric,  :"
"2","
 "
"2"," neighborhood radius 0.065312
"
"2","Warning in simpleLoess(y, x, w, span, degree = degree, parametric = parametric,  :"
"2","
 "
"2"," reciprocal condition number  1.2153e-16
"
"2","Warning in simpleLoess(y, x, w, span, degree = degree, parametric = parametric,  :"
"2","
 "
"2"," There are other near singularities as well. 0.0042657
"
"2","Warning in predLoess(object$y, object$x, newx = if (is.null(newdata)) object$x else if (is.data.frame(newdata)) as.matrix(model.frame(delete.response(terms(object)),  :"
"2","
 "
"2"," pseudoinverse used at 0.088512
"
"2","Warning in predLoess(object$y, object$x, newx = if (is.null(newdata)) object$x else if (is.data.frame(newdata)) as.matrix(model.frame(delete.response(terms(object)),  :"
"2","
 "
"2"," neighborhood radius 0.065312
"
"2","Warning in predLoess(object$y, object$x, newx = if (is.null(newdata)) object$x else if (is.data.frame(newdata)) as.matrix(model.frame(delete.response(terms(object)),  :"
"2","
 "
"2"," reciprocal condition number  1.2153e-16
"
"2","Warning in predLoess(object$y, object$x, newx = if (is.null(newdata)) object$x else if (is.data.frame(newdata)) as.matrix(model.frame(delete.response(terms(object)),  :"
"2","
 "
"2"," There are other near singularities as well. 0.0042657
"
"2","Warning in simpleLoess(y, x, w, span, degree = degree, parametric = parametric,  :"
"2","
 "
"2"," pseudoinverse used at 0.11589
"
"2","Warning in simpleLoess(y, x, w, span, degree = degree, parametric = parametric,  :"
"2","
 "
"2"," neighborhood radius 0.081848
"
"2","Warning in simpleLoess(y, x, w, span, degree = degree, parametric = parametric,  :"
"2","
 "
"2"," reciprocal condition number  7.8715e-17
"
"2","Warning in simpleLoess(y, x, w, span, degree = degree, parametric = parametric,  :"
"2","
 "
"2"," There are other near singularities as well. 0.0066991
"
"2","Warning in predLoess(object$y, object$x, newx = if (is.null(newdata)) object$x else if (is.data.frame(newdata)) as.matrix(model.frame(delete.response(terms(object)),  :"
"2","
 "
"2"," pseudoinverse used at 0.11589
"
"2","Warning in predLoess(object$y, object$x, newx = if (is.null(newdata)) object$x else if (is.data.frame(newdata)) as.matrix(model.frame(delete.response(terms(object)),  :"
"2","
 "
"2"," neighborhood radius 0.081848
"
"2","Warning in predLoess(object$y, object$x, newx = if (is.null(newdata)) object$x else if (is.data.frame(newdata)) as.matrix(model.frame(delete.response(terms(object)),  :"
"2","
 "
"2"," reciprocal condition number  7.8715e-17
"
"2","Warning in predLoess(object$y, object$x, newx = if (is.null(newdata)) object$x else if (is.data.frame(newdata)) as.matrix(model.frame(delete.response(terms(object)),  :"
"2","
 "
"2"," There are other near singularities as well. 0.0066991
"
"2","Warning in simpleLoess(y, x, w, span, degree = degree, parametric = parametric,  :"
"2","
 "
"2"," pseudoinverse used at 0.11589
"
"2","Warning in simpleLoess(y, x, w, span, degree = degree, parametric = parametric,  :"
"2","
 "
"2"," neighborhood radius 0.081848
"
"2","Warning in simpleLoess(y, x, w, span, degree = degree, parametric = parametric,  :"
"2","
 "
"2"," reciprocal condition number  7.8715e-17
"
"2","Warning in simpleLoess(y, x, w, span, degree = degree, parametric = parametric,  :"
"2","
 "
"2"," There are other near singularities as well. 0.0066991
"
"2","Warning in predLoess(object$y, object$x, newx = if (is.null(newdata)) object$x else if (is.data.frame(newdata)) as.matrix(model.frame(delete.response(terms(object)),  :"
"2","
 "
"2"," pseudoinverse used at 0.11589
"
"2","Warning in predLoess(object$y, object$x, newx = if (is.null(newdata)) object$x else if (is.data.frame(newdata)) as.matrix(model.frame(delete.response(terms(object)),  :"
"2","
 "
"2"," neighborhood radius 0.081848
"
"2","Warning in predLoess(object$y, object$x, newx = if (is.null(newdata)) object$x else if (is.data.frame(newdata)) as.matrix(model.frame(delete.response(terms(object)),  :"
"2","
 "
"2"," reciprocal condition number  7.8715e-17
"
"2","Warning in predLoess(object$y, object$x, newx = if (is.null(newdata)) object$x else if (is.data.frame(newdata)) as.matrix(model.frame(delete.response(terms(object)),  :"
"2","
 "
"2"," There are other near singularities as well. 0.0066991
"
"2","Warning in simpleLoess(y, x, w, span, degree = degree, parametric = parametric,  :"
"2","
 "
"2"," pseudoinverse used at 0.12941
"
"2","Warning in simpleLoess(y, x, w, span, degree = degree, parametric = parametric,  :"
"2","
 "
"2"," neighborhood radius 0.17571
"
"2","Warning in simpleLoess(y, x, w, span, degree = degree, parametric = parametric,  :"
"2","
 "
"2"," reciprocal condition number  1.0795e-16
"
"2","Warning in simpleLoess(y, x, w, span, degree = degree, parametric = parametric,  :"
"2","
 "
"2"," There are other near singularities as well. 0.030875
"
"2","Warning in predLoess(object$y, object$x, newx = if (is.null(newdata)) object$x else if (is.data.frame(newdata)) as.matrix(model.frame(delete.response(terms(object)),  :"
"2","
 "
"2"," pseudoinverse used at 0.12941
"
"2","Warning in predLoess(object$y, object$x, newx = if (is.null(newdata)) object$x else if (is.data.frame(newdata)) as.matrix(model.frame(delete.response(terms(object)),  :"
"2","
 "
"2"," neighborhood radius 0.17571
"
"2","Warning in predLoess(object$y, object$x, newx = if (is.null(newdata)) object$x else if (is.data.frame(newdata)) as.matrix(model.frame(delete.response(terms(object)),  :"
"2","
 "
"2"," reciprocal condition number  1.0795e-16
"
"2","Warning in predLoess(object$y, object$x, newx = if (is.null(newdata)) object$x else if (is.data.frame(newdata)) as.matrix(model.frame(delete.response(terms(object)),  :"
"2","
 "
"2"," There are other near singularities as well. 0.030875
"
"2","Warning in simpleLoess(y, x, w, span, degree = degree, parametric = parametric,  :"
"2","
 "
"2"," pseudoinverse used at 0.12941
"
"2","Warning in simpleLoess(y, x, w, span, degree = degree, parametric = parametric,  :"
"2","
 "
"2"," neighborhood radius 0.17571
"
"2","Warning in simpleLoess(y, x, w, span, degree = degree, parametric = parametric,  :"
"2","
 "
"2"," reciprocal condition number  1.0795e-16
"
"2","Warning in simpleLoess(y, x, w, span, degree = degree, parametric = parametric,  :"
"2","
 "
"2"," There are other near singularities as well. 0.030875
"
"2","Warning in predLoess(object$y, object$x, newx = if (is.null(newdata)) object$x else if (is.data.frame(newdata)) as.matrix(model.frame(delete.response(terms(object)),  :"
"2","
 "
"2"," pseudoinverse used at 0.12941
"
"2","Warning in predLoess(object$y, object$x, newx = if (is.null(newdata)) object$x else if (is.data.frame(newdata)) as.matrix(model.frame(delete.response(terms(object)),  :"
"2","
 "
"2"," neighborhood radius 0.17571
"
"2","Warning in predLoess(object$y, object$x, newx = if (is.null(newdata)) object$x else if (is.data.frame(newdata)) as.matrix(model.frame(delete.response(terms(object)),  :"
"2","
 "
"2"," reciprocal condition number  1.0795e-16
"
"2","Warning in predLoess(object$y, object$x, newx = if (is.null(newdata)) object$x else if (is.data.frame(newdata)) as.matrix(model.frame(delete.response(terms(object)),  :"
"2","
 "
"2"," There are other near singularities as well. 0.030875
"
